,ENCODE,ITFP,Marbach2016,Neph2012,TRED,TRRUST,jaspar
AAANWWTGC,0,0,0,0,0,0,1
AAAS,0,1,0,0,0,0,0
AAAYRNCTG,0,0,0,0,0,0,1
AAAYWAACM,0,0,0,0,0,0,1
AACTTT,0,0,0,0,0,0,1
AACWWCAANK,0,0,0,0,0,0,1
AACYNNNNTTCCS,0,0,0,0,0,0,1
AAGWWRNYGGC,0,0,0,0,0,0,1
AAMP,0,1,0,0,0,0,0
AATF,0,0,0,0,0,1,0
ABD-A,0,0,0,0,0,0,1
ABD-B,0,0,0,0,0,0,1
ABF1,0,0,0,0,0,0,1
ABF2,0,0,0,0,0,0,1
ABF3,0,0,0,0,0,0,1
ABI3,0,0,0,0,0,0,1
ABI4,0,0,0,0,0,0,1
ABI5,0,0,0,0,0,0,1
ABL1,0,0,0,0,0,1,0
ABLIM2,0,1,0,0,0,0,0
ABT1,0,1,0,0,0,0,0
ABTB2,0,1,0,0,0,0,0
ACAWNRNSRCGG,0,0,0,0,0,0,1
ACAWYAAAG,0,0,0,0,0,0,1
ACBD6,0,1,0,0,0,0,0
ACCTGTTG,0,0,0,0,0,0,1
ACE2,0,0,0,0,0,0,1
ACHI,0,0,0,0,0,0,1
ACIN1,0,1,0,0,0,0,0
ACTAYRNNNCCCR,0,0,0,0,0,0,1
ACTWSNACTNY,0,0,0,0,0,0,1
ADAD2,0,1,0,0,0,0,0
ADARB1,0,1,0,0,0,0,0
ADNP,0,1,0,0,0,0,0
ADR1,0,0,0,0,0,0,1
AES,0,0,0,0,0,1,0
AFAP1L1,0,1,0,0,0,0,0
AFG3L1,0,1,0,0,0,0,0
AFP1,0,0,1,0,0,0,0
AFT1,0,0,0,0,0,0,1
AFT2,0,0,0,0,0,0,1
AG,0,0,0,0,0,0,1
AGCYRWTTC,0,0,0,0,0,0,1
AGL,0,1,0,0,0,0,0
AGL1,0,0,0,0,0,0,1
AGL15,0,0,0,0,0,0,1
AGL27,0,0,0,0,0,0,1
AGL3,0,0,0,0,0,0,1
AGPAT1,0,1,0,0,0,0,0
AHCTF1,0,1,0,0,0,0,0
AHL12,0,0,0,0,0,0,1
AHL20,0,0,0,0,0,0,1
AHL25,0,0,0,0,0,0,1
AHR,0,0,1,1,0,1,0
AHR::ARNT,0,0,0,0,0,0,1
AIB,0,0,0,0,0,0,1
AIP,0,1,0,0,0,1,0
AIPL1,0,1,0,0,0,0,0
AIRE,0,0,1,1,0,1,0
AKAP1,0,1,0,0,0,0,0
AKAP13,0,1,0,0,0,0,0
AKAP8L,0,1,0,0,0,0,0
AKT1,0,1,0,0,0,0,0
AKT2,0,1,0,0,0,0,0
AKT3,0,1,0,0,0,0,0
AL,0,0,0,0,0,0,1
ALG1,0,1,0,0,0,0,0
ALX1,0,0,1,1,0,0,1
ALX1_1,0,0,0,0,0,0,1
ALX1_2,0,0,0,0,0,0,1
ALX3,0,0,1,1,0,0,1
ALX4,0,0,1,1,0,0,1
AMT,0,1,0,0,0,0,0
ANAPC1,0,1,0,0,0,0,0
ANAPC11,0,1,0,0,0,0,0
ANAPC2,0,1,0,0,0,0,0
ANAPC5,0,1,0,0,0,0,0
ANGEL2,0,1,0,0,0,0,0
ANK1,0,1,0,0,0,0,0
ANK2,0,1,0,0,0,0,0
ANK3,0,1,0,0,0,0,0
ANKFY1,0,1,0,0,0,0,0
ANKIB1,0,1,0,0,0,0,0
ANKRD1,0,0,0,0,0,1,0
ANKRD10,0,1,0,0,0,0,0
ANKRD11,0,1,0,0,0,0,0
ANKRD12,0,1,0,0,0,0,0
ANKRD13C,0,1,0,0,0,0,0
ANKRD15,0,1,0,0,0,0,0
ANKRD16,0,1,0,0,0,0,0
ANKRD17,0,1,0,0,0,0,0
ANKRD19,0,1,0,0,0,0,0
ANKRD22,0,1,0,0,0,0,0
ANKRD23,0,1,0,0,0,0,0
ANKRD28,0,1,0,0,0,0,0
ANKRD32,0,1,0,0,0,0,0
ANKRD37,0,1,0,0,0,0,0
ANKRD39,0,1,0,0,0,0,0
ANKRD44,0,1,0,0,0,0,0
ANKRD46,0,1,0,0,0,0,0
ANKRD47,0,1,0,0,0,0,0
ANKRD50,0,1,0,0,0,0,0
ANKRD9,0,1,0,0,0,0,0
ANKS6,0,1,0,0,0,0,0
ANLN,0,1,0,0,0,0,0
ANT,0,0,0,0,0,0,1
ANTP,0,0,0,0,0,0,1
ANTXR1,0,1,0,0,0,0,0
AP,0,0,0,0,0,0,1
AP1,0,0,1,0,0,0,1
AP2B1,0,1,0,0,0,0,0
AP3,0,0,1,0,0,0,1
APAF1,0,1,0,0,0,0,0
APBB1,0,1,0,0,0,1,0
APBB1IP,0,1,0,0,0,0,0
APBB3,0,1,0,0,0,0,0
APC,0,1,0,0,0,1,0
APEX1,0,1,0,0,0,1,0
APEX2,0,1,0,0,0,0,0
APITD1,0,1,0,0,0,0,0
APPBP2,0,1,0,0,0,0,0
APPL1,0,1,0,0,0,0,0
APPL2,0,1,0,0,0,0,0
APTX,0,1,0,0,0,0,0
AR,0,0,1,1,1,1,1
ARA,0,0,0,0,0,0,1
ARALYDRAFT_484486,0,0,0,0,0,0,1
ARALYDRAFT_493022,0,0,0,0,0,0,1
ARALYDRAFT_495258,0,0,0,0,0,0,1
ARALYDRAFT_496250,0,0,0,0,0,0,1
ARALYDRAFT_897773,0,0,0,0,0,0,1
ARD1A,0,1,0,0,0,0,0
ARF1,0,0,0,0,0,0,1
ARF3,0,0,0,0,0,0,1
ARF5,0,0,0,0,0,0,1
ARF8,0,0,0,0,0,0,1
ARG80,0,0,0,0,0,0,1
ARG81,0,0,0,0,0,0,1
ARGGGTTAA,0,0,0,0,0,0,1
ARHGAP22,0,1,0,0,0,0,0
ARHGAP25,0,1,0,0,0,0,0
ARHGEF1,0,1,0,0,0,0,0
ARHGEF12,0,0,1,0,0,0,0
ARID1A,0,1,0,0,0,1,0
ARID1B,0,1,0,0,0,1,0
ARID2,0,1,0,0,0,0,0
ARID3A,1,1,1,1,0,1,1
ARID3A_1,0,0,0,0,0,0,1
ARID3A_2,0,0,0,0,0,0,1
ARID3B,0,0,0,0,0,0,1
ARID4A,0,1,0,0,0,0,0
ARID4B,0,1,0,0,0,0,0
ARID5A,0,0,1,0,0,0,1
ARID5A_1,0,0,0,0,0,0,1
ARID5A_2,0,0,0,0,0,0,1
ARID5B,0,0,1,1,0,0,0
ARMC1,0,1,0,0,0,0,0
ARMC10,0,1,0,0,0,0,0
ARMC5,0,1,0,0,0,0,0
ARMC6,0,1,0,0,0,0,0
ARMC8,0,1,0,0,0,0,0
ARMCX1,0,1,0,0,0,0,0
ARMCX2,0,1,0,0,0,0,0
ARMCX3,0,1,0,0,0,0,0
ARNT,0,0,1,1,1,1,1
ARNT2,0,0,0,1,0,0,0
ARNT::HIF1A,0,0,0,0,0,0,1
ARNTL,0,0,1,1,0,1,1
ARNTL2,0,1,0,1,0,1,0
ARO80,0,0,0,0,0,0,1
ARPC1A,0,1,0,0,0,0,0
ARPC1B,0,1,0,0,0,0,0
ARR1,0,0,0,0,0,0,1
ARR10,0,0,0,0,0,0,1
ARR11,0,0,0,0,0,0,1
ARR14,0,0,0,0,0,0,1
ARR18,0,0,0,0,0,0,1
ARR2,0,0,0,0,0,0,1
ARTN,0,1,0,0,0,0,0
ARVCF,0,1,0,0,0,0,0
ARX,0,1,1,1,0,1,1
ASB10,0,1,0,0,0,0,0
ASB12,0,1,0,0,0,0,0
ASB14,0,1,0,0,0,0,0
ASB16,0,1,0,0,0,0,0
ASB2,0,1,0,0,0,0,0
ASB6,0,1,0,0,0,0,0
ASCC1,0,1,0,0,0,0,0
ASCC3,0,1,0,0,0,0,0
ASCC3L1,0,1,0,0,0,0,0
ASCL1,0,0,0,1,0,1,0
ASCL2,0,0,1,0,0,0,1
ASCL2_1,0,0,0,0,0,0,1
ASCL2_2,0,0,0,0,0,0,1
ASCL3,0,1,0,0,0,0,0
ASG1,0,0,0,0,0,0,1
ASH1,0,0,0,0,0,0,1
ASH1L,0,1,0,0,0,1,0
ASPH,0,1,0,0,0,0,0
ASXL1,0,1,0,0,0,1,0
ATAD2,0,1,0,0,0,0,0
ATAD2B,0,1,0,0,0,0,0
ATAD3A,0,1,0,0,0,0,0
ATAD3B,0,1,0,0,0,0,0
ATCMNTCCGY,0,0,0,0,0,0,1
ATF1,1,1,1,1,1,1,1
ATF1_1,0,0,0,0,0,0,1
ATF1_2,0,0,0,0,0,0,1
ATF2,1,1,1,1,1,1,0
ATF3,1,1,1,1,1,1,1
ATF4,0,0,1,1,1,1,1
ATF5,0,1,0,1,1,1,0
ATF6,0,1,1,1,1,1,0
ATF7,0,1,1,1,0,1,1
ATG16L1,0,1,0,0,0,0,0
ATGGYGGA,0,0,0,0,0,0,1
ATHB-12,0,0,0,0,0,0,1
ATHB-15,0,0,0,0,0,0,1
ATHB-16,0,0,0,0,0,0,1
ATHB-5,0,0,0,0,0,0,1
ATHB-51,0,0,0,0,0,0,1
ATHB-6,0,0,0,0,0,0,1
ATHB-7,0,0,0,0,0,0,1
ATHB-9,0,0,0,0,0,0,1
ATM,0,0,0,0,0,1,0
ATOH1,0,0,1,1,0,1,1
ATRX,0,0,0,0,0,1,0
ATXN7,0,1,0,0,0,0,0
AT_AC_ACCEPTOR,0,0,0,0,0,0,1
AWH,0,0,0,0,0,0,1
AZF1,0,0,0,0,0,0,1
B-H1,0,0,0,0,0,0,1
B-H2,0,0,0,0,0,0,1
BACH1,1,1,1,1,0,1,0
BACH1::MAFK,0,0,0,0,0,0,1
BACH2,0,1,1,1,0,1,0
BAP,0,0,0,0,0,0,1
BARD1,0,0,0,0,0,1,0
BARHL1,0,1,1,1,0,0,1
BARHL2,0,0,1,1,0,0,1
BARX1,0,0,1,1,0,0,1
BARX2,0,0,1,1,0,1,1
BAS1,0,0,0,0,0,0,1
BATF,1,1,0,0,0,0,0
BATF3,0,0,1,0,0,0,1
BATF::JUN,0,0,0,0,0,0,1
BAZ1A,0,1,0,0,0,0,0
BAZ2A,0,1,0,0,0,0,0
BAZ2B,0,1,0,0,0,0,0
BBX,0,1,1,0,0,0,0
BBX_1,0,0,0,0,0,0,1
BBX_2,0,0,0,0,0,0,1
BCAS3,0,1,0,0,0,0,0
BCD,0,0,0,0,0,0,1
BCL10,0,1,0,0,0,0,0
BCL11A,1,0,0,0,0,1,0
BCL11B,0,0,0,0,0,1,0
BCL3,1,0,0,0,1,1,0
BCL6,0,1,0,1,1,1,1
BCL6B,0,1,1,0,0,0,1
BCL6B_1,0,0,0,0,0,0,1
BCL6B_2,0,0,0,0,0,0,1
BCLAF1,1,0,0,0,0,0,0
BDP1,1,0,0,1,0,1,0
BEAF-32,0,0,0,0,0,0,1
BEE2,0,0,0,0,0,0,1
BGB::RUN,0,0,0,0,0,0,1
BHLH(ZIP) CLASS,0,0,0,0,0,0,1
BHLH104,0,0,0,0,0,0,1
BHLH112,0,0,0,0,0,0,1
BHLH13,0,0,0,0,0,0,1
BHLH3,0,0,0,0,0,0,1
BHLH34,0,0,0,0,0,0,1
BHLH78,0,0,0,0,0,0,1
BHLHA15,0,0,1,0,0,0,1
BHLHB2_1,0,0,0,0,0,0,1
BHLHB2_2,0,0,0,0,0,0,1
BHLHB5,0,1,0,0,0,0,0
BHLHE22,0,0,1,0,0,0,1
BHLHE23,0,0,1,0,0,0,1
BHLHE40,1,0,1,1,0,0,1
BHLHE41,0,0,1,1,0,1,1
BIM1,0,0,0,0,0,0,1
BIM2,0,0,0,0,0,0,1
BIM3,0,0,0,0,0,0,1
BIN1,0,0,0,0,0,1,0
BIN2,0,1,0,0,0,0,0
BLM,0,1,0,0,0,0,0
BLMP-1,0,0,0,0,0,0,1
BMP15,0,1,0,0,0,0,0
BMP8A,0,1,0,0,0,0,0
BOLL,0,1,0,0,0,0,0
BOP1,0,1,0,0,0,0,0
BPTF,0,1,1,1,0,1,0
BR,0,0,0,0,0,0,1
BR(VAR.2),0,0,0,0,0,0,1
BR(VAR.3),0,0,0,0,0,0,1
BR(VAR.4),0,0,0,0,0,0,1
BRAP,0,1,0,0,0,0,0
BRCA1,1,1,1,1,1,1,0
BRCA2,0,1,0,0,1,0,0
BRD2,0,1,0,0,0,0,0
BRD4,0,1,0,0,0,0,0
BRD7,0,1,0,0,0,1,0
BRED,0,0,0,0,0,0,1
BREU,0,0,0,0,0,0,1
BRF1,0,1,0,1,0,0,0
BRF2,1,0,0,0,0,0,0
BRIP1,0,1,0,0,0,1,0
BRK,0,0,0,0,0,0,1
BRPF3,0,1,0,0,0,0,0
BRWD2,0,1,0,0,0,0,0
BRWD3,0,1,0,0,0,0,0
BSH,0,0,0,0,0,0,1
BSX,0,0,1,0,0,0,1
BTAF1,0,0,0,0,0,1,0
BTD,0,0,0,0,0,0,1
BTF3,0,0,0,0,0,1,0
BTG2,0,0,0,0,0,1,0
BTN,0,0,0,0,0,0,1
BTRC,0,1,0,0,0,0,0
BUB3,0,1,0,0,0,0,0
BZIP CEBP-LIKE SUBCLASS,0,0,0,0,0,0,1
BZIP CREB/G-BOX-LIKE SUBCLASS,0,0,0,0,0,0,1
BZIP60,0,0,0,0,0,0,1
BZIP68,0,0,0,0,0,0,1
BZIP910,0,0,0,0,0,0,1
BZIP911,0,0,0,0,0,0,1
BZR1,0,0,0,0,0,0,1
BZR2,0,0,0,0,0,0,1
C-MYC,0,0,0,0,1,0,0
C10ORF56,0,1,0,0,0,0,0
C12ORF30,0,1,0,0,0,0,0
C13ORF7,0,1,0,0,0,0,0
C14ORF106,0,1,0,0,0,0,0
C14ORF174,0,1,0,0,0,0,0
C15,0,0,0,0,0,0,1
C15ORF44,0,1,0,0,0,0,0
C16ORF63,0,1,0,0,0,0,0
C18ORF17,0,1,0,0,0,0,0
C1ORF163,0,1,0,0,0,0,0
C1ORF175,0,1,0,0,0,0,0
C1ORF34,0,1,0,0,0,0,0
C1ORF83,0,1,0,0,0,0,0
C20ORF11,0,1,0,0,0,0,0
C20ORF194,0,1,0,0,0,0,0
C2ORF44,0,1,0,0,0,0,0
C6ORF113,0,1,0,0,0,0,0
C7ORF27,0,1,0,0,0,0,0
C8ORF76,0,1,0,0,0,0,0
CACBP,0,0,1,0,0,0,0
CACD,0,0,1,0,0,0,0
CACGTG,0,0,0,0,0,0,1
CACNA2D2,0,1,0,0,0,0,0
CACNA2D4,0,1,0,0,0,0,0
CAD,0,0,0,0,0,0,1
CAD1,0,0,0,0,0,0,1
CADPS2,0,1,0,0,0,0,0
CAGCTG,0,0,0,0,0,0,1
CAGGTA,0,0,0,0,0,0,1
CAGGTG,0,0,0,0,0,0,1
CAGNWMCNNNGAC,0,0,0,0,0,0,1
CAGNYGKNAAA,0,0,0,0,0,0,1
CALD1,0,1,0,0,0,0,0
CAMTA1,0,1,0,0,0,0,0
CAND1,0,1,0,0,0,0,0
CAND2,0,1,0,0,0,0,0
CANX,0,1,0,0,0,0,0
CARD10,0,1,0,0,0,0,0
CARD11,0,1,0,0,0,0,0
CARD8,0,1,0,0,0,0,0
CARD9,0,1,0,0,0,0,0
CARHSP1,0,1,0,0,0,0,0
CASKIN1,0,1,0,0,0,0,0
CASKIN2,0,1,0,0,0,0,0
CASP10,0,1,0,0,0,0,0
CASP2,0,1,0,0,0,0,0
CASP4,0,1,0,0,0,0,0
CASP8AP2,0,1,0,0,0,0,0
CASZ1,0,1,0,0,0,0,0
CAT8,0,0,0,0,0,0,1
CATRRAGC,0,0,0,0,0,0,1
CATTGTYY,0,0,0,0,0,0,1
CAUP,0,0,0,0,0,0,1
CBF1,0,0,0,0,0,0,1
CBFA2T3,0,0,0,0,0,1,0
CBFB,0,0,0,1,0,1,0
CBLL1,0,1,0,0,0,0,0
CBX3,1,0,0,0,0,0,0
CBX5,0,0,1,0,0,0,0
CBX6,0,0,0,0,0,1,0
CBX7,0,0,0,0,0,1,0
CBX8,0,0,0,0,0,1,0
CCA1,0,0,0,0,0,0,1
CCAAT-BOX,0,0,0,0,0,0,1
CCAATNNSNNNGCG,0,0,0,0,0,0,1
CCANNAGRKGGC,0,0,0,0,0,0,1
CCAR1,0,1,0,0,0,0,0
CCAWNWWNNNGGC,0,0,0,0,0,0,1
CCAWWNAAGG,0,0,0,0,0,0,1
CCAWYNNGAAR,0,0,0,0,0,0,1
CCCNNGGGAR,0,0,0,0,0,0,1
CCCNNNNNNAAGWT,0,0,0,0,0,0,1
CCDC6,0,0,1,0,0,0,0
CCGNMNNTNACG,0,0,0,0,0,0,1
CCIN,0,1,0,0,0,0,0
CCM2,0,1,0,0,0,0,0
CCNA2,0,1,0,0,0,0,0
CCNB1,0,1,0,0,0,0,0
CCNB2,0,1,0,0,0,0,0
CCNC,0,1,0,0,0,0,0
CCNE1,0,1,0,0,0,0,0
CCNE2,0,1,0,0,0,0,0
CCNF,0,1,0,0,0,0,0
CCNH,0,1,0,0,0,0,0
CCNI,0,1,0,0,0,0,0
CCNJ,0,1,0,0,0,0,0
CCNL1,0,1,0,0,0,0,0
CCNL2,0,1,0,0,0,0,0
CCNT2,1,1,0,0,0,0,0
CCNYL1,0,1,0,0,0,0,0
CCRN4L,0,1,0,0,0,0,0
CCTNTMAGA,0,0,0,0,0,0,1
CD74,0,1,0,0,0,0,0
CDC16,0,1,0,0,0,0,0
CDC20,0,1,0,0,0,0,0
CDC27,0,1,0,0,0,0,0
CDC40,0,1,0,0,0,0,0
CDC5,0,0,0,0,0,0,1
CDC5L,0,1,1,1,0,0,0
CDC6,0,1,0,0,0,0,0
CDCA7L,0,0,0,0,0,1,0
CDF2,0,0,0,0,0,0,1
CDF3,0,0,0,0,0,0,1
CDKN2A,0,1,0,0,0,0,0
CDX,0,0,1,0,0,0,0
CDX1,0,1,1,1,0,1,1
CDX2,0,1,1,1,0,1,1
CEBP,0,0,1,0,0,0,0
CEBPA,0,0,1,1,1,1,1
CEBPB,1,0,1,1,1,1,1
CEBPD,1,1,1,1,1,1,1
CEBPE,0,0,1,1,1,1,1
CEBPG,0,1,1,1,1,1,1
CEBPZ,0,1,0,1,0,1,0
CEH-10::TTX-3,0,0,0,0,0,0,1
CEH-22,0,0,0,0,0,0,1
CEH-48,0,0,0,0,0,0,1
CENPA,0,1,0,0,0,0,0
CENPB,0,0,1,0,0,0,1
CENPT,0,1,0,0,0,0,0
CENTA1,0,1,0,0,0,0,0
CENTA2,0,1,0,0,0,0,0
CENTB1,0,1,0,0,0,0,0
CENTB2,0,1,0,0,0,0,0
CENTB5,0,1,0,0,0,0,0
CENTD1,0,1,0,0,0,0,0
CENTD2,0,1,0,0,0,0,0
CENTG2,0,1,0,0,0,0,0
CEP3,0,0,0,0,0,0,1
CEP76,0,1,0,0,0,0,0
CES-2,0,0,0,0,0,0,1
CF2,0,0,0,0,0,0,1
CFLAR,0,1,0,0,0,0,0
CG11085,0,0,0,0,0,0,1
CG11294,0,0,0,0,0,0,1
CG11617,0,0,0,0,0,0,1
CG15696-RA,0,0,0,0,0,0,1
CG18599,0,0,0,0,0,0,1
CG32105,0,0,0,0,0,0,1
CG32532,0,0,0,0,0,0,1
CG34031,0,0,0,0,0,0,1
CG4328-RA,0,0,0,0,0,0,1
CG9876,0,0,0,0,0,0,1
CGGAARNGGCNG,0,0,0,0,0,0,1
CGTSACG,0,0,0,0,0,0,1
CHA4,0,0,0,0,0,0,1
CHAF1B,0,1,0,0,0,0,0
CHD1,1,0,0,0,0,0,0
CHD2,1,1,0,0,0,0,0
CHD3,0,1,0,0,0,0,0
CHD4,0,0,0,0,0,1,0
CHD5,0,1,0,0,0,0,0
CHD6,0,1,0,0,0,0,0
CHD8,0,1,0,0,0,1,0
CHD9,0,1,0,0,0,0,0
CHE-1,0,0,0,0,0,0,1
CHERP,0,1,0,0,0,0,0
CHURC1,0,0,0,1,0,0,0
CIAO1,0,1,0,0,0,0,0
CIITA,0,0,0,0,0,1,0
CIN5,0,0,0,0,0,0,1
CIRBP,0,1,0,0,0,0,0
CITED2,0,0,0,0,0,1,0
CIZ1,0,1,0,1,0,0,0
CKAP5,0,1,0,0,0,0,0
CLASP1,0,1,0,0,0,0,0
CLASP2,0,1,0,0,0,0,0
CLIC1,0,1,0,0,0,0,0
CLIC2,0,1,0,0,0,0,0
CLIC4,0,1,0,0,0,0,0
CLIC5,0,1,0,0,0,0,0
CLIP1,0,1,0,0,0,0,0
CLIP3,0,1,0,0,0,0,0
CLIP4,0,1,0,0,0,0,0
CLOCK,0,1,1,1,0,1,1
CLPB,0,1,0,0,0,0,0
CLPX,0,1,0,0,0,0,0
CLTC,0,1,0,0,0,0,0
CMTA2,0,0,0,0,0,0,1
CMTA3,0,0,0,0,0,0,1
CNBP,0,0,0,0,0,1,0
CNC::MAF-S,0,0,0,0,0,0,1
CNOT2,0,1,0,0,0,0,0
CNOT3,0,1,0,1,0,0,0
CNOT4,0,1,0,0,0,0,0
CNOT7,0,1,0,0,0,1,0
CNOT8,0,1,0,0,0,1,0
COCH,0,1,0,0,0,0,0
COL12A1,0,1,0,0,0,0,0
COL14A1,0,1,0,0,0,0,0
COL15A1,0,1,0,0,0,0,0
COL16A1,0,1,0,0,0,0,0
COL18A1,0,1,0,0,0,0,0
COL4A3BP,0,1,0,0,0,0,0
COL5A1,0,1,0,0,0,0,0
COL5A3,0,1,0,0,0,0,0
COL6A1,0,1,0,0,0,0,0
COL6A2,0,1,0,0,0,0,0
COMP1,0,0,1,0,0,0,0
COPA,0,1,0,0,0,0,0
COPB2,0,1,0,0,0,0,0
COPE,0,1,0,0,0,0,0
COPS2,0,1,0,0,0,0,0
COPS3,0,1,0,0,0,0,0
COPS4,0,1,0,0,0,0,0
COPS5,0,1,0,0,0,1,0
COPS6,0,1,0,0,0,0,0
COPS7A,0,1,0,0,0,0,0
COPS7B,0,1,0,0,0,0,0
CORO1A,0,1,0,0,0,0,0
CORO1B,0,1,0,0,0,0,0
CORO1C,0,1,0,0,0,0,0
CORO7,0,1,0,0,0,0,0
CPEB1,0,0,1,0,0,0,0
CPEB2,0,1,0,0,0,0,0
CPEB3,0,1,0,0,0,0,0
CPEB4,0,1,0,0,0,0,0
CPHX,0,0,1,0,0,0,1
CPSF1,0,1,0,0,0,0,0
CPSF4,0,1,0,0,0,0,0
CPSF6,0,1,0,0,0,0,0
CRABP2,0,0,0,0,0,1,0
CREB,0,0,1,0,0,0,0
CREB1,1,1,1,1,1,1,1
CREB3,0,0,1,0,0,1,1
CREB3L1,0,0,1,0,0,1,1
CREB3L2,0,0,1,0,0,0,1
CREB5,0,0,1,1,0,1,1
CREBBP,0,1,0,0,0,1,0
CREBZF,0,1,0,0,0,0,0
CREM,0,1,0,1,1,1,1
CRF2,0,0,0,0,0,0,1
CRF4,0,0,0,0,0,0,1
CRGAARNNNNCGA,0,0,0,0,0,0,1
CRIP2,0,1,0,0,0,0,0
CRTC1,0,0,0,0,0,1,0
CRX,0,0,1,1,0,1,1
CRZ1,0,0,0,0,0,0,1
CSDA,0,1,0,0,0,0,0
CSRP2BP,0,1,0,0,0,0,0
CSRP3,0,1,0,0,0,0,0
CST6,0,0,0,0,0,0,1
CSTF1,0,1,0,0,0,0,0
CSTF2,0,1,0,0,0,0,0
CSTF3,0,1,0,0,0,0,0
CT,0,0,0,0,0,0,1
CTAWWWATA,0,0,0,0,0,0,1
CTBP1,0,0,0,0,0,1,0
CTBP2,1,0,0,0,0,0,0
CTCF,1,0,1,1,0,1,1
CTCFL,1,0,0,0,0,1,0
CTCNANGTGNY,0,0,0,0,0,0,1
CTF1,0,0,0,1,0,0,0
CTGCAGY,0,0,0,0,0,0,1
CTGF,0,1,0,0,0,0,0
CTGLF1,0,1,0,0,0,0,0
CTGRYYYNATT,0,0,0,0,0,0,1
CTGYNNCTYTAA,0,0,0,0,0,0,1
CTNNB1,0,1,0,0,0,1,0
CTNNBIP1,0,0,0,0,0,1,0
CTNND1,0,1,0,0,0,0,0
CTR9,0,1,0,0,0,0,0
CTTTAAR,0,0,0,0,0,0,1
CTTTGA,0,0,0,0,0,0,1
CTTTGT,0,0,0,0,0,0,1
CUGBP1,0,1,0,0,0,0,0
CUGBP2,0,1,0,0,0,0,0
CUL1,0,1,0,0,0,0,0
CUL3,0,1,0,0,0,0,0
CUL4A,0,1,0,0,0,0,0
CUL4B,0,1,0,0,0,0,0
CUL5,0,1,0,0,0,0,0
CUP2,0,0,0,0,0,0,1
CUP9,0,0,0,0,0,0,1
CUX1,0,0,1,1,0,1,1
CUX1_1,0,0,0,0,0,0,1
CUX1_2,0,0,0,0,0,0,1
CUX2,0,0,0,0,0,0,1
CXXC1,0,1,0,0,0,0,0
CYR61,0,1,0,0,0,0,0
CYTAGCAAY,0,0,0,0,0,0,1
D,0,0,0,0,0,0,1
DAB2,0,1,0,0,0,0,0
DACH1,0,0,0,0,0,1,0
DAF-12,0,0,0,0,0,0,1
DAL80,0,0,0,0,0,0,1
DAL81,0,0,0,0,0,0,1
DAL82,0,0,0,0,0,0,1
DAPP1,0,1,0,0,0,0,0
DARS2,0,1,0,0,0,0,0
DAZAP1,0,1,0,0,0,0,0
DBF4,0,1,0,0,0,0,0
DBP,0,0,1,1,0,1,1
DBX,0,0,0,0,0,0,1
DBX1,0,0,1,0,0,0,1
DBX2,0,0,1,0,0,0,1
DCE_S_I,0,0,0,0,0,0,1
DCE_S_II,0,0,0,0,0,0,1
DCE_S_III,0,0,0,0,0,0,1
DDB1,0,1,0,0,0,0,0
DDB2,0,0,0,0,0,1,0
DDEF1,0,1,0,0,0,0,0
DDIT3,0,0,1,1,0,1,0
DDIT3::CEBPA,0,0,0,0,0,0,1
DDX1,0,1,0,0,0,0,0
DDX10,0,1,0,0,0,0,0
DDX11,0,1,0,0,0,0,0
DDX17,0,1,0,0,0,0,0
DDX18,0,1,0,0,0,0,0
DDX19A,0,1,0,0,0,0,0
DDX19B,0,1,0,0,0,0,0
DDX20,0,1,0,0,0,0,0
DDX21,0,1,0,0,0,0,0
DDX23,0,1,0,0,0,0,0
DDX27,0,1,0,0,0,0,0
DDX28,0,1,0,0,0,0,0
DDX31,0,1,0,0,0,0,0
DDX39,0,1,0,0,0,0,0
DDX3X,0,1,0,0,0,0,0
DDX3Y,0,1,0,0,0,0,0
DDX41,0,1,0,0,0,0,0
DDX42,0,1,0,0,0,0,0
DDX46,0,1,0,0,0,0,0
DDX47,0,1,0,0,0,0,0
DDX49,0,1,0,0,0,0,0
DDX50,0,1,0,0,0,0,0
DDX51,0,1,0,0,0,0,0
DDX52,0,1,0,0,0,0,0
DDX54,0,1,0,0,0,0,0
DDX55,0,1,0,0,0,0,0
DDX56,0,1,0,0,0,0,0
DDX59,0,1,0,0,0,0,0
DEAF1,0,1,0,1,0,1,1
DEDD,0,1,0,0,0,0,0
DEK,0,1,0,0,0,1,0
DEPDC1B,0,1,0,0,0,0,0
DEPDC4,0,1,0,0,0,0,0
DFD,0,0,0,0,0,0,1
DGKZ,0,1,0,0,0,0,0
DHX15,0,1,0,0,0,0,0
DHX16,0,1,0,0,0,0,0
DHX30,0,1,0,0,0,0,0
DHX33,0,1,0,0,0,0,0
DHX35,0,1,0,0,0,0,0
DHX36,0,1,0,0,0,0,0
DHX37,0,1,0,0,0,0,0
DHX38,0,1,0,0,0,0,0
DHX58,0,1,0,0,0,0,0
DHX8,0,1,0,0,0,0,0
DHX9,0,1,0,0,0,0,0
DICER1,0,1,0,0,0,0,0
DISC1,0,1,0,0,0,0,0
DL,0,0,0,0,0,0,1
DL(VAR.2),0,0,0,0,0,0,1
DLL,0,0,0,0,0,0,1
DLX1,0,0,1,1,0,0,1
DLX2,0,0,1,1,0,0,1
DLX3,0,0,1,1,0,1,1
DLX4,0,0,1,1,0,1,1
DLX5,0,0,1,1,0,1,1
DLX6,0,0,1,0,0,0,1
DMBX1,0,0,1,1,0,0,1
DMD,0,1,0,0,0,0,0
DMRT1,0,0,1,1,0,0,0
DMRT2,0,0,1,1,0,0,0
DMRT3,0,0,1,1,0,0,1
DMRTA1,0,0,1,0,0,0,0
DMRTA2,0,0,1,0,0,0,0
DMRTC2,0,0,1,0,0,0,0
DMWD,0,1,0,0,0,0,0
DMXL1,0,1,0,0,0,0,0
DNAJC7,0,1,0,0,0,0,0
DNASE1,0,1,0,0,0,0,0
DND1,0,1,0,0,0,0,0
DNM2,0,1,0,0,0,0,0
DNM3,0,1,0,0,0,0,0
DNMT1,0,0,0,0,0,1,0
DNMT3A,0,0,0,0,0,1,0
DNMT3B,0,1,0,0,0,0,0
DNMT3L,0,0,0,0,0,1,0
DOBOX4,0,0,1,0,0,0,0
DOBOX5,0,0,1,0,0,0,0
DOCK10,0,1,0,0,0,0,0
DOCK9,0,1,0,0,0,0,0
DOF1.8,0,0,0,0,0,0,1
DOF2,0,0,0,0,0,0,1
DOF2.4,0,0,0,0,0,0,1
DOF2.5,0,0,0,0,0,0,1
DOF3,0,0,0,0,0,0,1
DOF5.3,0,0,0,0,0,0,1
DOF5.6,0,0,0,0,0,0,1
DOF5.7,0,0,0,0,0,0,1
DOK2,0,1,0,0,0,0,0
DOK3,0,1,0,0,0,0,0
DOK7,0,1,0,0,0,0,0
DOT1L,0,1,0,0,0,0,0
DOT6,0,0,0,0,0,0,1
DP-1,0,0,0,0,1,0,0
DPE,0,0,0,0,0,0,1
DPRX,0,0,1,0,0,0,0
DPY-27,0,0,0,0,0,0,1
DR,0,0,0,0,0,0,1
DR1,0,0,0,0,0,1,0
DRAP1,0,1,0,0,0,0,0
DRE1C,0,0,0,0,0,0,1
DREB1A,0,0,0,0,0,0,1
DREB1E,0,0,0,0,0,0,1
DREB1G,0,0,0,0,0,0,1
DREB2C,0,0,0,0,0,0,1
DRGX,0,0,1,0,0,0,0
DSC-1,0,0,0,0,0,0,1
DTL,0,1,0,0,0,0,0
DTX3,0,1,0,0,0,0,0
DTX3L,0,1,0,0,0,0,0
DUS2L,0,1,0,0,0,0,0
DUS3L,0,1,0,0,0,0,0
DUSP12,0,1,0,0,0,0,0
DUX,0,0,0,0,0,0,1
DUX4,0,1,1,0,0,0,1
DUXA,0,0,1,0,0,0,1
DUXBL,0,0,0,0,0,0,1
DVE,0,0,0,0,0,0,1
DYNC1I1,0,1,0,0,0,0,0
DYT1,0,0,0,0,0,0,1
DZIP3,0,1,0,0,0,0,0
E2F-1,0,0,0,0,1,0,0
E2F-2,0,0,0,0,1,0,0
E2F-3,0,0,0,0,1,0,0
E2F-4,0,0,0,0,1,0,0
E2F-6,0,0,0,0,1,0,0
E2F1,1,1,1,1,0,1,1
E2F2,0,1,1,1,0,1,1
E2F2_1,0,0,0,0,0,0,1
E2F2_2,0,0,0,0,0,0,1
E2F3,0,1,1,1,0,1,1
E2F3_1,0,0,0,0,0,0,1
E2F3_2,0,0,0,0,0,0,1
E2F4,1,1,1,1,0,1,1
E2F5,0,0,0,1,0,1,0
E2F6,1,1,0,1,0,1,1
E2F7,0,1,1,1,0,1,1
E2F8,0,1,1,1,0,1,1
E4F1,0,0,1,1,0,1,0
E5,0,0,0,0,0,0,1
EAPP,0,0,0,0,0,1,0
EBF1,1,1,1,1,0,1,1
EBF2,0,0,0,1,0,0,0
EBF3,0,1,0,1,0,0,0
EBOX,0,0,1,0,0,0,0
ECD,0,0,0,0,0,1,0
ECM22,0,0,0,0,0,0,1
ECM23,0,0,0,0,0,0,1
ECR::USP,0,0,0,0,0,0,1
ECT2,0,1,0,0,0,0,0
EDC4,0,1,0,0,0,0,0
EDF1,0,1,0,0,0,0,0
EDS1,0,0,0,0,0,0,1
EDT1,0,0,0,0,0,0,1
EEA1,0,1,0,0,0,0,0
EEF1B2,0,1,0,0,0,0,0
EEF1E1,0,1,0,0,0,0,0
EEF1G,0,1,0,0,0,0,0
EFL-1,0,0,0,0,0,0,1
EGR,0,0,1,0,0,0,0
EGR1,1,1,1,1,1,1,1
EGR1_1,0,0,0,0,0,0,1
EGR1_2,0,0,0,0,0,0,1
EGR2,0,1,1,1,1,1,1
EGR3,0,0,1,1,1,1,1
EGR4,0,0,1,1,1,0,1
EHF,0,1,1,1,0,1,1
EHF_1,0,0,0,0,0,0,1
EHF_2,0,0,0,0,0,0,1
EHMT1,0,1,0,0,0,0,0
EHMT2,0,1,0,0,0,1,0
EIF1AX,0,1,0,0,0,0,0
EIF1AY,0,1,0,0,0,0,0
EIF2A,0,1,0,0,0,0,0
EIF2AK2,0,0,0,0,0,1,0
EIF2C2,0,1,0,0,0,0,0
EIF2C3,0,1,0,0,0,0,0
EIF2C4,0,1,0,0,0,0,0
EIF2S1,0,1,0,0,0,0,0
EIF3M,0,1,0,0,0,0,0
EIF4A2,0,1,0,0,0,0,0
EIF4A3,0,1,0,0,0,0,0
EIF4B,0,1,0,0,0,0,0
EIF5A,0,1,0,0,0,0,0
EIF5A2,0,1,0,0,0,0,0
EIP74EF,0,0,0,0,0,0,1
ELAVL1,0,1,0,0,0,0,0
ELAVL3,0,1,0,0,0,0,0
ELF1,1,0,1,1,0,1,1
ELF2,0,1,1,1,0,1,0
ELF3,0,1,1,1,0,1,1
ELF3_1,0,0,0,0,0,0,1
ELF3_2,0,0,0,0,0,0,1
ELF4,0,1,1,1,0,1,1
ELF5,0,0,1,1,0,0,1
ELK1,1,1,1,1,1,1,1
ELK3,0,0,1,1,1,1,1
ELK4,1,0,1,1,1,1,1
ELL,0,0,0,0,0,1,0
ELMO1,0,1,0,0,0,0,0
ELMO2,0,1,0,0,0,0,0
ELT-3,0,0,0,0,0,0,1
EMBP-1,0,0,0,0,0,0,1
EML1,0,1,0,0,0,0,0
EML3,0,1,0,0,0,0,0
EML4,0,1,0,0,0,0,0
EML5,0,1,0,0,0,0,0
EMS,0,0,0,0,0,0,1
EMX1,0,1,1,0,0,0,1
EMX2,0,0,1,1,0,0,1
EN,0,0,0,0,0,0,1
EN1,0,0,1,1,0,1,1
EN2,0,0,1,1,0,0,1
ENO1,0,0,0,0,0,1,0
ENOX2,0,1,0,0,0,0,0
ENPEP,0,1,0,0,0,0,0
EOMES,0,0,1,1,0,1,1
EOMES_1,0,0,0,0,0,0,1
EOMES_2,0,0,0,0,0,0,1
EOR-1,0,0,0,0,0,0,1
EP300,1,0,1,1,0,1,0
EP400,0,1,0,0,0,0,0
EPAS1,0,1,0,1,1,1,0
EPRS,0,1,0,0,0,0,0
EPS8L2,0,1,0,0,0,0,0
ERCC2,0,1,0,0,0,1,0
ERCC3,0,1,0,0,0,1,0
ERCC6,0,1,0,0,0,0,0
ERF,0,1,1,1,0,1,1
ERF008,0,0,0,0,0,0,1
ERF018,0,0,0,0,0,0,1
ERF039,0,0,0,0,0,0,1
ERF043,0,0,0,0,0,0,1
ERF069,0,0,0,0,0,0,1
ERF094,0,0,0,0,0,0,1
ERF096,0,0,0,0,0,0,1
ERF098,0,0,0,0,0,0,1
ERF105,0,0,0,0,0,0,1
ERF109,0,0,0,0,0,0,1
ERF11,0,0,0,0,0,0,1
ERF112,0,0,0,0,0,0,1
ERF13,0,0,0,0,0,0,1
ERF1B,0,0,0,0,0,0,1
ERF3,0,0,0,0,0,0,1
ERF4,0,0,0,0,0,0,1
ERF6,0,0,0,0,0,0,1
ERF7,0,0,0,0,0,0,1
ERF8,0,0,0,0,0,0,1
ERG,0,1,1,1,1,1,1
ERT1,0,0,0,0,0,0,1
ESR1,1,1,1,1,1,1,1
ESR2,0,0,1,1,1,1,1
ESRRA,1,1,1,1,0,1,1
ESRRA_1,0,0,0,0,0,0,1
ESRRA_2,0,0,0,0,0,0,1
ESRRB,0,1,1,1,0,0,1
ESRRG,0,1,1,0,0,1,1
ESX1,0,0,1,1,0,0,1
ETS,0,0,1,0,0,0,0
ETS CLASS,0,0,0,0,0,0,1
ETS1,1,0,1,1,1,1,1
ETS2,0,1,1,1,1,1,0
ETS21C,0,0,0,0,0,0,1
ETV1,0,0,1,0,0,1,1
ETV2,0,0,1,0,0,1,1
ETV3,0,0,1,0,0,1,1
ETV4,0,0,1,1,1,1,1
ETV5,0,0,1,0,0,1,1
ETV6,0,1,1,1,0,1,1
ETV7,0,0,1,1,0,0,0
EVE,0,0,0,0,0,0,1
EVI1,0,1,0,0,0,0,0
EVX1,0,1,1,1,0,1,1
EVX2,0,0,1,0,0,0,1
EWSR1,0,1,1,0,0,1,0
EWSR1-FLI1,0,0,0,0,0,0,1
EXD,0,0,0,0,0,0,1
EXEX,0,0,0,0,0,0,1
EXO1,0,1,0,0,0,0,0
EZH1,0,1,0,0,0,0,0
EZH2,1,1,0,0,0,1,0
F3A4.140,0,0,0,0,0,0,1
FAM109A,0,1,0,0,0,0,0
FAM129B,0,1,0,0,0,0,0
FAM48A,1,0,0,0,0,0,0
FAM82B,0,1,0,0,0,0,0
FAM90A1,0,1,0,0,0,0,0
FANCG,0,1,0,0,0,0,0
FANCM,0,1,0,0,0,0,0
FBXL11,0,1,0,0,0,0,0
FBXL12,0,1,0,0,0,0,0
FBXL17,0,1,0,0,0,0,0
FBXL18,0,1,0,0,0,0,0
FBXL19,0,1,0,0,0,0,0
FBXL3,0,1,0,0,0,0,0
FBXL7,0,1,0,0,0,0,0
FBXO10,0,1,0,0,0,0,0
FBXO11,0,1,0,0,0,0,0
FBXO21,0,1,0,0,0,0,0
FBXO22,0,1,0,0,0,0,0
FBXO28,0,1,0,0,0,0,0
FBXO3,0,1,0,0,0,0,0
FBXO31,0,1,0,0,0,0,0
FBXO32,0,1,0,0,0,0,0
FBXO38,0,1,0,0,0,0,0
FBXO40,0,1,0,0,0,0,0
FBXO42,0,1,0,0,0,0,0
FBXO45,0,1,0,0,0,0,0
FBXO46,0,1,0,0,0,0,0
FBXO5,0,1,0,0,0,0,0
FBXO9,0,1,0,0,0,0,0
FBXW11,0,1,0,0,0,0,0
FBXW12,0,1,0,0,0,0,0
FBXW2,0,1,0,0,0,0,0
FBXW4,0,1,0,0,0,0,0
FBXW5,0,1,0,0,0,0,0
FBXW7,0,1,0,0,0,0,0
FBXW9,0,1,0,0,0,0,0
FEV,0,0,1,0,0,0,1
FGD1,0,1,0,0,0,0,0
FGD2,0,1,0,0,0,0,0
FGD3,0,1,0,0,0,0,0
FGD4,0,1,0,0,0,0,0
FGD5,0,1,0,0,0,0,0
FGF9,0,0,0,1,0,0,0
FGFR1OP,0,1,0,0,0,0,0
FHL1,0,1,0,0,0,0,1
FHL2,0,0,0,0,0,1,0
FHY3,0,0,0,0,0,0,1
FIGLA,0,0,1,0,0,0,1
FIS1,0,1,0,0,0,0,0
FIZ1,0,1,0,0,0,0,0
FKBP4,0,1,0,0,0,0,0
FKBP5,0,1,0,0,0,0,0
FKBP8,0,1,0,0,0,0,0
FKH,0,0,0,0,0,0,1
FKH-2,0,0,0,0,0,0,1
FKH1,0,0,0,0,0,0,1
FKH2,0,0,0,0,0,0,1
FLC,0,0,0,0,0,0,1
FLI1,0,1,1,1,1,1,1
FNBP4,0,1,0,0,0,0,0
FORKHEAD CLASS,0,0,0,0,0,0,1
FOS,1,1,0,1,1,1,1
FOS::JUN,0,0,0,0,0,0,1
FOSB,0,1,0,1,1,1,0
FOSL1,1,0,0,1,0,1,1
FOSL2,1,0,0,1,0,1,1
FOX,0,0,1,0,0,0,0
FOXA,0,0,1,0,0,0,0
FOXA1,1,0,1,1,0,1,1
FOXA2,1,1,1,1,0,1,1
FOXA2_1,0,0,0,0,0,0,1
FOXA2_2,0,0,0,0,0,0,1
FOXA3,0,0,0,1,0,1,0
FOXB1,0,0,1,0,0,0,1
FOXC1,0,0,1,1,0,1,1
FOXC2,0,0,1,0,0,0,1
FOXD1,0,1,1,1,0,0,1
FOXD2,0,0,1,0,0,0,1
FOXD3,0,1,1,1,0,1,1
FOXE1,0,0,0,0,0,1,0
FOXF1,0,0,1,1,0,1,0
FOXF2,0,0,1,1,0,1,1
FOXG1,0,0,1,1,0,1,1
FOXH1,0,0,0,1,0,1,1
FOXI1,0,0,1,1,0,0,1
FOXJ1,0,0,1,1,0,1,0
FOXJ1_1,0,0,0,0,0,0,1
FOXJ1_2,0,0,0,0,0,0,1
FOXJ2,0,1,1,1,0,0,1
FOXJ3,0,1,1,1,0,0,1
FOXJ3_1,0,0,0,0,0,0,1
FOXJ3_2,0,0,0,0,0,0,1
FOXK1,0,1,1,0,0,0,1
FOXK1_1,0,0,0,0,0,0,1
FOXK1_2,0,0,0,0,0,0,1
FOXK2,0,1,0,0,0,1,0
FOXL1,0,1,1,1,0,1,1
FOXL1_1,0,0,0,0,0,0,1
FOXL1_2,0,0,0,0,0,0,1
FOXL2,0,0,0,0,0,1,0
FOXM1,1,1,1,1,0,1,0
FOXN1,0,0,1,1,0,1,0
FOXN2,0,1,0,1,0,0,0
FOXN3,0,1,0,0,0,0,0
FOXN4,0,1,0,0,0,1,0
FOXO1,0,0,1,1,0,1,1
FOXO3,0,0,1,1,0,1,1
FOXO4,0,0,1,1,0,1,1
FOXO6,0,0,1,0,0,0,1
FOXP1,0,1,1,1,0,1,1
FOXP2,1,1,0,0,0,1,1
FOXP3,0,1,1,1,0,1,1
FOXQ1,0,0,1,0,0,1,1
FTZ,0,0,0,0,0,0,1
FUBP1,0,1,0,0,0,1,0
FUBP3,0,1,0,0,0,1,0
FUS,0,1,0,0,0,1,0
FUS3,0,0,0,0,0,0,1
FUSIP1,0,1,0,0,0,0,0
FXR1,0,1,0,0,0,0,0
FXR2,0,1,0,0,0,0,0
FZF1,0,0,0,0,0,0,1
FZR1,0,1,0,0,0,0,0
G3BP1,0,1,0,0,0,0,0
G3BP2,0,1,0,0,0,0,0
GAANYNYGACNY,0,0,0,0,0,0,1
GAB2,0,1,0,0,0,0,0
GABP,0,0,1,0,0,0,0
GABPA,1,1,1,1,0,1,1
GABPA_1,0,0,0,0,0,0,1
GABPA_2,0,0,0,0,0,0,1
GABPB1,0,0,0,1,0,1,0
GABPB2,0,1,0,0,0,1,0
GAL4,0,0,0,0,0,0,1
GAM1,0,0,0,0,0,0,1
GAT1,0,0,0,0,0,0,1
GAT3,0,0,0,0,0,0,1
GAT4,0,0,0,0,0,0,1
GATA,0,0,1,0,0,0,0
GATA1,1,0,1,1,0,1,1
GATA10,0,0,0,0,0,0,1
GATA11,0,0,0,0,0,0,1
GATA12,0,0,0,0,0,0,1
GATA15,0,0,0,0,0,0,1
GATA1::TAL1,0,0,0,0,0,0,1
GATA2,1,0,1,1,0,1,1
GATA3,1,0,1,1,0,1,1
GATA3_1,0,0,0,0,0,0,1
GATA3_2,0,0,0,0,0,0,1
GATA4,0,0,1,1,0,1,1
GATA5,0,0,1,1,0,1,1
GATA5_1,0,0,0,0,0,0,1
GATA5_2,0,0,0,0,0,0,1
GATA6,0,0,1,1,0,1,0
GATA6_1,0,0,0,0,0,0,1
GATA6_2,0,0,0,0,0,0,1
GATA8,0,0,0,0,0,0,1
GATA9,0,0,0,0,0,0,1
GATAAGR,0,0,0,0,0,0,1
GATAD1,0,1,0,0,0,0,0
GATAD2B,0,1,0,0,0,0,0
GATGKMRGCG,0,0,0,0,0,0,1
GATTGGY,0,0,0,0,0,0,1
GBX1,0,0,1,0,0,0,1
GBX2,0,0,1,1,0,1,1
GC-BOX,0,0,0,0,0,0,1
GCANCTGNY,0,0,0,0,0,0,1
GCCATNTTG,0,0,0,0,0,0,1
GCCNNNWTAAR,0,0,0,0,0,0,1
GCGNNANTTCC,0,0,0,0,0,0,1
GCGSCMNTTT,0,0,0,0,0,0,1
GCM,0,0,1,0,0,0,0
GCM1,0,0,1,1,0,1,1
GCM1_1,0,0,0,0,0,0,1
GCM1_2,0,0,0,0,0,0,1
GCM2,0,0,1,1,0,1,1
GCN1L1,0,1,0,0,0,0,0
GCN4,0,0,0,0,0,0,1
GCN5L2,0,1,0,0,0,0,0
GCR1,0,0,0,0,0,0,1
GCR2,0,0,0,0,0,0,1
GCTNWTTGK,0,0,0,0,0,0,1
GDAP1,0,1,0,0,0,0,0
GDF11,0,1,0,0,0,0,0
GDF2,0,1,0,0,0,0,0
GEMIN5,0,1,0,0,0,0,0
GFI1,0,0,1,1,0,1,1
GFI1B,0,0,1,1,0,1,1
GFOD1,0,1,0,0,0,0,0
GGAANCGGAANY,0,0,0,0,0,0,1
GGAMTNNNNNTCCY,0,0,0,0,0,0,1
GGARNTKYCCA,0,0,0,0,0,0,1
GGATTA,0,0,0,0,0,0,1
GGCKCATGS,0,0,0,0,0,0,1
GGCNKCCATNK,0,0,0,0,0,0,1
GGCNNMSMYNTTG,0,0,0,0,0,0,1
GGCNRNWCTTYS,0,0,0,0,0,0,1
GGGAGGRR,0,0,0,0,0,0,1
GGGCGGR,0,0,0,0,0,0,1
GGGNNTTTCC,0,0,0,0,0,0,1
GGGNRMNNYCAT,0,0,0,0,0,0,1
GGGTGGRR,0,0,0,0,0,0,1
GGGYGTGNY,0,0,0,0,0,0,1
GIS1,0,0,0,0,0,0,1
GIT1,0,1,0,0,0,0,0
GIT2,0,1,0,0,0,0,0
GKCGCNNNNNNNTGAYG,0,0,0,0,0,0,1
GLI,0,0,1,0,1,0,0
GLI1,0,0,0,1,0,1,0
GLI2,0,0,1,1,1,1,1
GLI3,0,0,0,1,1,1,0
GLI4,0,1,0,0,0,0,0
GLIS1,0,0,1,1,0,0,1
GLIS2,0,0,1,0,0,0,1
GLIS2_1,0,0,0,0,0,0,1
GLIS2_2,0,0,0,0,0,0,1
GLIS3,0,1,1,1,0,1,1
GLN3,0,0,0,0,0,0,1
GLS,0,1,0,0,0,0,0
GLYMA19G26560.1,0,0,0,0,0,0,1
GM397_1,0,0,0,0,0,0,1
GM397_2,0,0,0,0,0,0,1
GMEB1,0,0,1,0,0,0,1
GMEB1_1,0,0,0,0,0,0,1
GMEB1_2,0,0,0,0,0,0,1
GMEB2,0,0,1,0,0,0,1
GNB1,0,1,0,0,0,0,0
GNB1L,0,1,0,0,0,0,0
GNB2,0,1,0,0,0,0,0
GNB2L1,0,1,0,0,0,0,0
GNB4,0,1,0,0,0,0,0
GNB5,0,1,0,0,0,0,0
GNPAT,0,1,0,0,0,0,0
GNPNAT1,0,1,0,0,0,0,0
GON4L,0,1,0,0,0,0,0
GPR144,0,1,0,0,0,0,0
GPR155,0,1,0,0,0,0,0
GPS1,0,1,0,0,0,0,0
GPSM1,0,1,0,0,0,0,0
GPSM2,0,1,0,0,0,0,0
GRB7,0,1,0,0,0,0,0
GRHL1,0,0,1,0,0,1,1
GRHL2,0,1,0,0,0,0,0
GRP20,1,0,0,0,0,0,0
GRSF1,0,1,0,0,0,0,0
GRWD1,0,1,0,0,0,0,0
GSC,0,1,1,0,0,1,1
GSC2,0,0,1,0,0,0,1
GSM1,0,0,0,0,0,0,1
GSTA1,0,1,0,0,0,0,0
GSTA4,0,1,0,0,0,0,0
GSTM1,0,1,0,0,0,0,0
GSTM2,0,1,0,0,0,0,0
GSTO1,0,1,0,0,0,0,0
GSX1,0,0,1,0,0,0,1
GSX2,0,0,1,1,0,0,1
GT,0,0,0,0,0,0,1
GT-1,0,0,0,0,0,0,1
GTCNYYATGR,0,0,0,0,0,0,1
GTF2A,0,0,1,0,0,0,0
GTF2A1,0,0,0,1,0,0,0
GTF2A2,0,1,0,1,0,0,0
GTF2B,1,1,0,0,0,1,0
GTF2E2,0,1,0,0,0,0,0
GTF2F1,1,1,0,0,0,1,0
GTF2F2,0,1,0,0,0,0,0
GTF2H1,0,1,0,0,0,0,0
GTF2H2,0,1,0,0,0,0,0
GTF2I,0,1,1,1,0,1,0
GTF2IRD1,0,0,0,1,0,0,0
GTF3A,0,1,0,0,0,1,0
GTF3C2,1,1,0,0,0,0,0
GTF3C3,0,1,0,0,0,0,0
GTGACGY,0,0,0,0,0,0,1
GTGGGTGK,0,0,0,0,0,0,1
GTTGNYNNRGNAAC,0,0,0,0,0,0,1
GTTNYYNNGGTNA,0,0,0,0,0,0,1
GTTRYCATRR,0,0,0,0,0,0,1
GZF1,0,0,1,1,0,1,0
GZF3,0,0,0,0,0,0,1
H,0,0,0,0,0,0,1
H1FX,0,1,0,0,0,0,0
H2.0,0,0,0,0,0,0,1
H2AFV,0,1,0,0,0,0,0
H2AFX,0,1,0,0,0,0,0
H2AFY,0,1,0,0,0,0,0
H2AFZ,0,1,0,0,0,0,0
H2BFS,0,1,0,0,0,0,0
H3F3A,0,1,0,0,0,0,0
HAC1,0,0,0,0,0,0,1
HAL9,0,0,0,0,0,0,1
HAND1,0,1,1,1,0,0,0
HAND1::TCF3,0,0,0,0,0,0,1
HAND2,0,0,0,1,0,1,0
HAP1,0,0,0,0,0,0,1
HAP2,0,0,0,0,0,0,1
HAP3,0,0,0,0,0,0,1
HAP5,0,0,0,0,0,0,1
HAT1,0,0,0,0,0,0,1
HAT5,0,0,0,0,0,0,1
HAX1,0,0,0,0,0,1,0
HB,0,0,0,0,0,0,1
HBI1,0,0,0,0,0,0,1
HBN,0,0,0,0,0,0,1
HBP1,0,1,1,1,0,1,0
HBP1_1,0,0,0,0,0,0,1
HBP1_2,0,0,0,0,0,0,1
HCFC1,0,0,0,0,0,1,0
HCM1,0,0,0,0,0,0,1
HDAC1,1,0,0,0,0,1,0
HDAC10,0,0,0,0,0,1,0
HDAC11,0,0,0,0,0,1,0
HDAC2,1,0,0,0,0,1,0
HDAC3,0,0,0,0,0,1,0
HDAC4,0,0,0,0,0,1,0
HDAC5,0,0,0,0,0,1,0
HDAC6,1,0,0,0,0,0,0
HDAC7,0,0,0,0,0,1,0
HDAC8,1,0,0,0,0,0,0
HDAC9,0,0,0,0,0,1,0
HDGF,0,1,0,0,0,1,0
HDLBP,0,1,0,0,0,0,0
HDX,0,0,1,0,0,0,1
HEATR1,0,1,0,0,0,0,0
HEATR2,0,1,0,0,0,0,0
HEATR3,0,1,0,0,0,0,0
HEATR4,0,1,0,0,0,0,0
HELLS,0,1,0,0,0,0,0
HERPUD1,0,0,1,0,0,0,0
HES1,0,0,1,1,0,1,1
HES2,0,0,0,0,0,0,1
HES5,0,0,1,0,0,0,1
HES6,0,0,0,0,0,1,0
HES7,0,0,1,0,0,0,1
HESX1,0,0,1,0,0,0,1
HEXIM1,0,0,0,0,0,1,0
HEY1,0,1,1,0,0,1,1
HEY2,0,1,1,0,0,1,1
HEYL,0,1,0,0,0,0,0
HF1H3B,0,0,1,0,0,0,0
HGS,0,1,0,0,0,0,0
HGTX,0,0,0,0,0,0,1
HHEX,0,0,0,0,0,1,1
HIC1,0,0,1,1,0,1,1
HIC1_1,0,0,0,0,0,0,1
HIC1_2,0,0,0,0,0,0,1
HIC2,0,1,1,0,0,0,1
HIF1A,0,0,1,1,1,1,0
HIF3A,0,1,0,0,0,1,0
HINFP,0,0,1,1,0,1,1
HIPK2,0,0,0,0,0,1,0
HIRA,0,0,0,0,0,1,0
HIST1H2AC,0,1,0,0,0,0,0
HIST1H2BD,0,1,0,0,0,0,0
HIST1H2BH,0,1,0,0,0,0,0
HIST1H2BK,0,1,0,0,0,0,0
HIST2H2AA3,0,1,0,0,0,0,0
HIST2H2BE,0,1,0,0,0,0,0
HIVEP2,0,0,0,1,0,1,0
HKB,0,0,0,0,0,0,1
HLF,0,1,1,1,1,1,1
HLH-1,0,0,0,0,0,0,1
HLH-11,0,0,0,0,0,0,1
HLH-25,0,0,0,0,0,0,1
HLH-26,0,0,0,0,0,0,1
HLH-27,0,0,0,0,0,0,1
HLH-29,0,0,0,0,0,0,1
HLH-2::CND-1,0,0,0,0,0,0,1
HLH-2::HLH-10,0,0,0,0,0,0,1
HLH-2::HLH-14,0,0,0,0,0,0,1
HLH-2::HLH-15,0,0,0,0,0,0,1
HLH-2::HLH-19,0,0,0,0,0,0,1
HLH-2::HLH-3,0,0,0,0,0,0,1
HLH-2::HLH-4,0,0,0,0,0,0,1
HLH-2::HLH-8,0,0,0,0,0,0,1
HLH-2::LIN-32,0,0,0,0,0,0,1
HLH-30,0,0,0,0,0,0,1
HLTF,0,0,1,0,0,1,1
HLX,0,0,1,0,0,1,1
HMBOX1,0,0,1,1,0,0,1
HMG CLASS,0,0,0,0,0,0,1
HMG-1,0,0,0,0,0,0,1
HMG-I/Y,0,0,0,0,0,0,1
HMG20B,0,1,0,0,0,0,0
HMG2L1,0,1,0,0,0,0,0
HMG4L,0,1,0,0,0,0,0
HMGA1,0,1,1,1,0,1,0
HMGA2,0,0,0,1,0,1,0
HMGB1,0,1,0,0,0,0,0
HMGB2,0,1,0,0,0,1,0
HMGB3,0,1,0,0,0,0,0
HMGN1,0,0,0,0,0,1,0
HMGN3,1,0,0,0,0,1,0
HMRA1,0,0,0,0,0,0,1
HMRA2,0,0,0,0,0,0,1
HMX,0,0,0,0,0,0,1
HMX1,0,1,1,1,0,0,1
HMX2,0,0,1,0,0,0,1
HMX3,0,0,1,1,0,0,1
HNF1,0,0,1,0,0,0,0
HNF1A,0,0,1,1,0,1,1
HNF1B,0,0,1,1,0,0,1
HNF4,0,0,1,0,0,0,0
HNF4A,1,1,1,1,0,1,1
HNF4A_1,0,0,0,0,0,0,1
HNF4A_2,0,0,0,0,0,0,1
HNF4G,1,0,0,0,0,1,1
HNRNPD,0,0,0,0,0,1,0
HNRPA3,0,1,0,0,0,0,0
HNRPAB,0,1,0,0,0,0,0
HNRPD,0,1,0,0,0,0,0
HNRPDL,0,1,0,0,0,0,0
HNRPF,0,1,0,0,0,0,0
HNRPH1,0,1,0,0,0,0,0
HNRPH3,0,1,0,0,0,0,0
HNRPK,0,1,0,0,0,0,0
HNRPLL,0,1,0,0,0,0,0
HNRPM,0,1,0,0,0,0,0
HOMEOBOX CLASS,0,0,0,0,0,0,1
HOMER3,0,1,0,0,0,0,0
HOMEZ,0,0,1,1,0,0,1
HOPX,0,0,0,0,0,1,0
HOXA1,0,0,1,1,1,1,1
HOXA10,0,1,1,1,1,1,1
HOXA11,0,1,1,1,0,1,1
HOXA13,0,0,1,1,0,0,1
HOXA2,0,0,1,1,0,0,1
HOXA3,0,0,1,1,0,0,1
HOXA3_1,0,0,0,0,0,0,1
HOXA3_2,0,0,0,0,0,0,1
HOXA4,0,1,1,1,1,1,1
HOXA5,0,1,1,1,1,1,1
HOXA6,0,0,1,1,0,0,1
HOXA7,0,1,1,1,1,1,0
HOXA7_1,0,0,0,0,0,0,1
HOXA7_2,0,0,0,0,0,0,1
HOXA9,0,1,1,1,1,1,1
HOXB1,0,0,0,1,1,1,0
HOXB13,0,0,1,1,1,1,1
HOXB2,0,1,1,0,1,0,1
HOXB3,0,0,1,1,1,0,1
HOXB4,0,0,1,1,1,1,1
HOXB5,0,1,1,1,0,0,1
HOXB6,0,1,1,1,0,0,1
HOXB7,0,0,1,1,1,1,1
HOXB8,0,1,1,1,1,0,1
HOXB9,0,0,1,1,1,0,1
HOXC10,0,1,1,1,0,1,1
HOXC11,0,1,1,1,1,1,1
HOXC12,0,0,1,1,0,0,1
HOXC13,0,0,1,1,0,1,1
HOXC4,0,0,1,1,0,0,1
HOXC5,0,0,1,1,0,0,1
HOXC6,0,1,1,1,0,1,1
HOXC8,0,0,1,1,1,1,1
HOXC9,0,1,1,1,0,1,1
HOXD1,0,0,1,1,0,1,1
HOXD10,0,0,1,0,1,0,1
HOXD11,0,0,1,0,0,0,1
HOXD12,0,0,1,1,0,0,1
HOXD13,0,0,1,1,0,1,1
HOXD3,0,0,1,1,1,1,1
HOXD8,0,0,1,0,1,0,1
HOXD9,0,0,1,1,1,1,1
HR,0,0,0,0,0,1,0
HSF1,1,1,1,1,0,1,1
HSF2,0,1,1,1,0,1,1
HSF4,0,0,1,0,0,1,1
HSFY2,0,0,1,0,0,0,0
HTATIP2,0,0,0,0,0,1,0
HTATSF1,0,1,0,0,0,0,0
HTH,0,0,0,0,0,0,1
HTLF,0,0,0,1,0,0,0
HY5,0,0,0,0,0,0,1
ID1,0,1,0,0,0,1,1
ID2,0,0,0,0,0,1,1
ID3,0,1,0,0,0,1,0
ID4,0,1,1,0,0,1,1
IFI16,0,1,0,0,0,1,0
IFIH1,0,1,0,0,0,0,0
IFIT1,0,1,0,0,0,0,0
IFIT2,0,1,0,0,0,0,0
IFIT3,0,1,0,0,0,0,0
IFT122,0,1,0,0,0,0,0
IFT140,0,1,0,0,0,0,0
IFT80,0,1,0,0,0,0,0
IFT88,0,1,0,0,0,0,0
IGF2BP2,0,1,0,0,0,0,0
IGF2BP3,0,1,0,0,0,0,0
IGFBP3,0,1,0,0,0,0,0
IGFBP4,0,1,0,0,0,0,0
IGFBP5,0,1,0,0,0,0,0
IGHMBP2,0,1,0,0,0,0,0
IKBKB,0,0,0,0,0,1,0
IKZF1,1,1,1,1,0,1,0
IKZF2,0,0,1,1,0,0,0
IKZF3,0,0,1,0,0,0,0
ILF2,0,0,0,0,0,1,0
ILF3,0,1,0,0,0,1,0
ILK,0,1,0,0,0,0,0
IME1,0,0,0,0,0,0,1
IND,0,0,0,0,0,0,1
ING1,0,1,0,0,0,1,0
ING2,0,0,0,0,0,1,0
ING3,0,1,0,0,0,0,0
ING4,0,1,0,1,0,1,0
ING5,0,1,0,0,0,0,0
INHA,0,1,0,0,0,0,0
INHBC,0,1,0,0,0,0,0
INO2,0,0,0,0,0,0,1
INO4,0,0,0,0,0,0,1
INPP5A,0,1,0,0,0,0,0
INPP5D,0,1,0,0,0,0,0
INPPL1,0,1,0,0,0,0,0
INR,0,0,0,0,0,0,1
INSAF,0,0,0,1,0,0,0
INSM1,0,0,1,0,0,0,1
INTS4,0,1,0,0,0,0,0
INTS6,0,1,0,0,0,0,0
INTS8,0,1,0,0,0,0,0
INV,0,0,0,0,0,0,1
INVS,0,1,0,0,0,0,0
IPO11,0,1,0,0,0,0,0
IPO13,0,1,0,0,0,0,0
IPO4,0,1,0,0,0,0,0
IQGAP1,0,1,0,0,0,0,0
IQSEC2,0,1,0,0,0,0,0
IQWD1,0,1,0,0,0,0,0
IRC900814_1,0,0,0,0,0,0,1
IRC900814_2,0,0,0,0,0,0,1
IRF,0,0,1,0,0,0,0
IRF1,1,0,1,1,0,1,1
IRF2,0,0,1,1,0,1,1
IRF3,1,1,1,1,0,1,0
IRF3_1,0,0,0,0,0,0,1
IRF3_2,0,0,0,0,0,0,1
IRF4,1,0,1,1,0,1,0
IRF4_1,0,0,0,0,0,0,1
IRF4_2,0,0,0,0,0,0,1
IRF5,0,0,1,1,0,1,0
IRF5_1,0,0,0,0,0,0,1
IRF5_2,0,0,0,0,0,0,1
IRF6,0,1,1,1,0,1,0
IRF6_1,0,0,0,0,0,0,1
IRF6_2,0,0,0,0,0,0,1
IRF7,0,0,1,1,0,1,1
IRF8,0,1,1,1,0,1,1
IRF9,0,0,1,1,0,1,1
IRX2,0,0,1,1,0,0,1
IRX3,0,1,1,1,0,0,0
IRX3_1,0,0,0,0,0,0,1
IRX3_2,0,0,0,0,0,0,1
IRX4,0,0,1,1,0,0,1
IRX5,0,1,1,1,0,0,1
IRX6,0,0,1,1,0,0,1
ISG20L2,0,1,0,0,0,0,0
ISGF3G_1,0,0,0,0,0,0,1
ISGF3G_2,0,0,0,0,0,0,1
ISL1,0,0,0,1,0,1,0
ISL2,0,0,1,0,0,0,1
ISX,0,0,1,1,0,0,1
ITGB1BP1,0,1,0,0,0,0,0
ITGB2,0,0,1,1,0,0,0
ITIH2,0,1,0,0,0,0,0
ITIH4,0,1,0,0,0,0,0
IXR1,0,0,0,0,0,0,1
JARID1A,0,1,0,0,0,0,0
JARID1C,0,1,0,0,0,0,0
JARID1D,0,1,0,0,0,0,0
JARID2,0,0,0,0,0,1,0
JAZF1,0,1,0,0,0,0,0
JDP2,0,0,1,0,0,1,1
JDP2(VAR.2),0,0,0,0,0,0,1
JRK,0,1,0,0,0,0,0
JUN,1,1,0,1,1,1,1
JUN(VAR.2),0,0,0,0,0,0,1
JUN::FOS,0,0,0,0,0,0,1
JUNB,1,0,0,1,1,1,1
JUND,1,1,0,1,1,1,1
JUND(VAR.2),0,0,0,0,0,0,1
JUNDM2_1,0,0,0,0,0,0,1
JUNDM2_2,0,0,0,0,0,0,1
KAN1,0,0,0,0,0,0,1
KAN4,0,0,0,0,0,0,1
KAP1,1,0,0,0,0,0,0
KARS,0,1,0,0,0,0,0
KAT2B,0,0,0,0,0,1,0
KAT5,0,0,0,0,0,1,0
KAT6A,0,0,0,0,0,1,0
KATNB1,0,1,0,0,0,0,0
KBTBD10,0,1,0,0,0,0,0
KBTBD2,0,1,0,0,0,0,0
KBTBD4,0,1,0,0,0,0,0
KBTBD6,0,1,0,0,0,0,0
KBTBD8,0,1,0,0,0,0,0
KCCGNSWTTT,0,0,0,0,0,0,1
KCNIP3,0,0,0,0,0,1,0
KCTD3,0,1,0,0,0,0,0
KDM2A,0,0,0,0,0,1,0
KDM4B,0,0,0,0,0,1,0
KDM4C,0,0,0,0,0,1,0
KDM5A,1,0,0,0,0,0,0
KDM5B,1,0,0,0,0,0,0
KHDRBS1,0,1,0,0,0,1,0
KHSRP,0,1,0,0,0,1,0
KIAA0460,0,1,0,0,0,0,0
KIAA0562,0,1,0,0,0,0,0
KIAA0692,0,1,0,0,0,0,0
KIAA0892,0,1,0,0,0,0,0
KIAA1045,0,1,0,0,0,0,0
KIAA1946,0,1,0,0,0,0,0
KIAA2018,0,1,0,0,0,0,0
KIF1A,0,1,0,0,0,0,0
KIF1B,0,1,0,0,0,0,0
KIF24,0,1,0,0,0,0,0
KIFAP3,0,1,0,0,0,0,0
KIN,0,1,0,0,0,0,0
KLC1,0,1,0,0,0,0,0
KLC3,0,1,0,0,0,0,0
KLF1,0,0,0,0,0,1,1
KLF10,0,0,0,0,0,1,0
KLF11,0,0,0,1,0,1,0
KLF12,0,1,1,1,0,1,1
KLF13,0,0,1,0,0,1,1
KLF14,0,0,1,0,0,0,1
KLF15,0,1,0,1,0,1,0
KLF16,0,1,1,0,0,1,1
KLF2,0,1,0,0,0,1,0
KLF3,0,0,0,0,0,1,0
KLF4,0,0,1,1,0,1,1
KLF5,0,0,0,0,0,1,1
KLF6,0,1,0,0,0,1,0
KLF7,0,0,1,0,0,1,0
KLF7_1,0,0,0,0,0,0,1
KLF7_2,0,0,0,0,0,0,1
KLF8,0,0,0,0,0,1,0
KLF9,0,1,0,0,0,1,0
KLHDC1,0,1,0,0,0,0,0
KLHDC2,0,1,0,0,0,0,0
KLHDC3,0,1,0,0,0,0,0
KLHDC4,0,1,0,0,0,0,0
KLHDC5,0,1,0,0,0,0,0
KLHDC9,0,1,0,0,0,0,0
KLHL12,0,1,0,0,0,0,0
KLHL15,0,1,0,0,0,0,0
KLHL17,0,1,0,0,0,0,0
KLHL18,0,1,0,0,0,0,0
KLHL2,0,1,0,0,0,0,0
KLHL20,0,1,0,0,0,0,0
KLHL22,0,1,0,0,0,0,0
KLHL23,0,1,0,0,0,0,0
KLHL24,0,1,0,0,0,0,0
KLHL26,0,1,0,0,0,0,0
KLHL3,0,1,0,0,0,0,0
KLHL34,0,1,0,0,0,0,0
KLHL5,0,1,0,0,0,0,0
KLHL6,0,1,0,0,0,0,0
KLHL7,0,1,0,0,0,0,0
KLHL8,0,1,0,0,0,0,0
KMCATNNWGGA,0,0,0,0,0,0,1
KNI,0,0,0,0,0,0,1
KNTC1,0,1,0,0,0,0,0
KPNA1,0,1,0,0,0,0,0
KPNA2,0,1,0,0,0,0,0
KPNA3,0,1,0,0,0,0,0
KPNA4,0,1,0,0,0,0,0
KPNA5,0,1,0,0,0,0,0
KPNA6,0,1,0,0,0,0,0
KPNB1,0,1,0,0,0,0,0
KR,0,0,0,0,0,0,1
KRCTCNNNNMANAGC,0,0,0,0,0,0,1
KRIT1,0,1,0,0,0,0,0
KRR1,0,1,0,0,0,0,0
KRT1,0,1,0,0,0,0,0
KRT17,0,1,0,0,0,0,0
KRT19,0,1,0,0,0,0,0
KRT7,0,1,0,0,0,0,0
KRT8,0,1,0,0,0,0,0
KTGGYRSGAA,0,0,0,0,0,0,1
L3MBTL,0,1,0,0,0,0,0
L3MBTL1,0,0,0,0,0,1,0
LAB,0,0,0,0,0,0,1
LAMA4,0,1,0,0,0,0,0
LAMB1,0,1,0,0,0,0,0
LANCL1,0,1,0,0,0,0,0
LARP1,0,1,0,0,0,0,0
LARP2,0,1,0,0,0,0,0
LARP4,0,1,0,0,0,0,0
LARP5,0,1,0,0,0,0,0
LARP7,0,1,0,0,0,0,0
LASP1,0,1,0,0,0,0,0
LASS2,0,1,0,0,0,0,0
LASS3,0,1,0,0,0,0,0
LASS6,0,1,0,0,0,0,0
LBE,0,0,0,0,0,0,1
LBL,0,0,0,0,0,0,1
LBX1,0,1,0,0,0,0,1
LBX2,0,0,1,0,0,0,1
LCOR,0,0,0,0,0,1,0
LCP2,0,1,0,0,0,0,0
LDB1,0,0,0,0,0,1,0
LDB3,0,1,0,0,0,0,0
LEC2,0,0,0,0,0,0,1
LEF1,0,0,1,1,1,1,1
LEF1_1,0,0,0,0,0,0,1
LEF1_2,0,0,0,0,0,0,1
LEU3,0,0,0,0,0,0,1
LFY,0,0,0,0,0,0,1
LGALS14,0,1,0,0,0,0,0
LGALS3,0,1,0,0,0,0,0
LGALS8,0,1,0,0,0,0,0
LGALS9,0,1,0,0,0,0,0
LGR4,0,1,0,0,0,0,0
LGTN,0,1,0,0,0,0,0
LHX1,0,0,1,0,0,0,1
LHX2,0,0,1,1,0,1,1
LHX3,0,1,1,1,0,1,1
LHX4,0,1,1,1,0,1,1
LHX5,0,1,1,1,0,0,1
LHX6,0,1,1,1,0,0,1
LHX6_1,0,0,0,0,0,0,1
LHX6_2,0,0,0,0,0,0,1
LHX8,0,0,1,1,0,0,1
LHX9,0,0,1,0,0,0,1
LIG1,0,1,0,0,0,0,0
LIG3,0,1,0,0,0,0,0
LIG4,0,1,0,0,0,0,0
LIM-4,0,0,0,0,0,0,1
LIM1,0,0,0,0,0,0,1
LIM3,0,0,0,0,0,0,1
LIMA1,0,1,0,0,0,0,0
LIMCH1,0,1,0,0,0,0,0
LIMD1,0,1,0,0,0,1,0
LIN-14,0,0,0,0,0,0,1
LIN28A,0,0,0,0,0,1,0
LIN54,0,0,0,0,0,0,1
LM1,0,0,0,0,0,0,1
LM10,0,0,0,0,0,0,1
LM100,0,0,0,0,0,0,1
LM101,0,0,0,0,0,0,1
LM102,0,0,0,0,0,0,1
LM103,0,0,0,0,0,0,1
LM104,0,0,0,0,0,0,1
LM105,0,0,0,0,0,0,1
LM106,0,0,0,0,0,0,1
LM107,0,0,0,0,0,0,1
LM108,0,0,0,0,0,0,1
LM109,0,0,0,0,0,0,1
LM11,0,0,0,0,0,0,1
LM110,0,0,0,0,0,0,1
LM111,0,0,0,0,0,0,1
LM112,0,0,0,0,0,0,1
LM113,0,0,0,0,0,0,1
LM114,0,0,0,0,0,0,1
LM115,0,0,0,0,0,0,1
LM116,0,0,0,0,0,0,1
LM117,0,0,0,0,0,0,1
LM118,0,0,0,0,0,0,1
LM119,0,0,0,0,0,0,1
LM12,0,0,0,0,0,0,1
LM120,0,0,0,0,0,0,1
LM121,0,0,0,0,0,0,1
LM122,0,0,0,0,0,0,1
LM123,0,0,0,0,0,0,1
LM124,0,0,0,0,0,0,1
LM125,0,0,0,0,0,0,1
LM126,0,0,0,0,0,0,1
LM127,0,0,0,0,0,0,1
LM128,0,0,0,0,0,0,1
LM129,0,0,0,0,0,0,1
LM13,0,0,0,0,0,0,1
LM130,0,0,0,0,0,0,1
LM131,0,0,0,0,0,0,1
LM132,0,0,0,0,0,0,1
LM133,0,0,0,0,0,0,1
LM134,0,0,0,0,0,0,1
LM135,0,0,0,0,0,0,1
LM136,0,0,0,0,0,0,1
LM137,0,0,0,0,0,0,1
LM138,0,0,0,0,0,0,1
LM139,0,0,0,0,0,0,1
LM14,0,0,0,0,0,0,1
LM140,0,0,0,0,0,0,1
LM141,0,0,0,0,0,0,1
LM142,0,0,0,0,0,0,1
LM143,0,0,0,0,0,0,1
LM144,0,0,0,0,0,0,1
LM145,0,0,0,0,0,0,1
LM146,0,0,0,0,0,0,1
LM147,0,0,0,0,0,0,1
LM148,0,0,0,0,0,0,1
LM149,0,0,0,0,0,0,1
LM15,0,0,0,0,0,0,1
LM150,0,0,0,0,0,0,1
LM151,0,0,0,0,0,0,1
LM152,0,0,0,0,0,0,1
LM153,0,0,0,0,0,0,1
LM154,0,0,0,0,0,0,1
LM155,0,0,0,0,0,0,1
LM156,0,0,0,0,0,0,1
LM157,0,0,0,0,0,0,1
LM158,0,0,0,0,0,0,1
LM159,0,0,0,0,0,0,1
LM16,0,0,0,0,0,0,1
LM160,0,0,0,0,0,0,1
LM161,0,0,0,0,0,0,1
LM162,0,0,0,0,0,0,1
LM163,0,0,0,0,0,0,1
LM164,0,0,0,0,0,0,1
LM165,0,0,0,0,0,0,1
LM166,0,0,0,0,0,0,1
LM167,0,0,0,0,0,0,1
LM168,0,0,0,0,0,0,1
LM169,0,0,0,0,0,0,1
LM17,0,0,0,0,0,0,1
LM170,0,0,0,0,0,0,1
LM171,0,0,0,0,0,0,1
LM172,0,0,0,0,0,0,1
LM173,0,0,0,0,0,0,1
LM174,0,0,0,0,0,0,1
LM175,0,0,0,0,0,0,1
LM176,0,0,0,0,0,0,1
LM177,0,0,0,0,0,0,1
LM178,0,0,0,0,0,0,1
LM179,0,0,0,0,0,0,1
LM18,0,0,0,0,0,0,1
LM180,0,0,0,0,0,0,1
LM181,0,0,0,0,0,0,1
LM182,0,0,0,0,0,0,1
LM183,0,0,0,0,0,0,1
LM184,0,0,0,0,0,0,1
LM185,0,0,0,0,0,0,1
LM186,0,0,0,0,0,0,1
LM187,0,0,0,0,0,0,1
LM188,0,0,0,0,0,0,1
LM189,0,0,0,0,0,0,1
LM19,0,0,0,0,0,0,1
LM190,0,0,0,0,0,0,1
LM191,0,0,0,0,0,0,1
LM192,0,0,0,0,0,0,1
LM193,0,0,0,0,0,0,1
LM194,0,0,0,0,0,0,1
LM195,0,0,0,0,0,0,1
LM196,0,0,0,0,0,0,1
LM197,0,0,0,0,0,0,1
LM198,0,0,0,0,0,0,1
LM199,0,0,0,0,0,0,1
LM2,0,0,0,0,0,0,1
LM20,0,0,0,0,0,0,1
LM200,0,0,0,0,0,0,1
LM201,0,0,0,0,0,0,1
LM202,0,0,0,0,0,0,1
LM203,0,0,0,0,0,0,1
LM204,0,0,0,0,0,0,1
LM205,0,0,0,0,0,0,1
LM206,0,0,0,0,0,0,1
LM207,0,0,0,0,0,0,1
LM208,0,0,0,0,0,0,1
LM209,0,0,0,0,0,0,1
LM21,0,0,0,0,0,0,1
LM210,0,0,0,0,0,0,1
LM211,0,0,0,0,0,0,1
LM212,0,0,0,0,0,0,1
LM213,0,0,0,0,0,0,1
LM214,0,0,0,0,0,0,1
LM215,0,0,0,0,0,0,1
LM216,0,0,0,0,0,0,1
LM217,0,0,0,0,0,0,1
LM218,0,0,0,0,0,0,1
LM219,0,0,0,0,0,0,1
LM22,0,0,0,0,0,0,1
LM220,0,0,0,0,0,0,1
LM221,0,0,0,0,0,0,1
LM222,0,0,0,0,0,0,1
LM223,0,0,0,0,0,0,1
LM224,0,0,0,0,0,0,1
LM225,0,0,0,0,0,0,1
LM226,0,0,0,0,0,0,1
LM227,0,0,0,0,0,0,1
LM228,0,0,0,0,0,0,1
LM229,0,0,0,0,0,0,1
LM23,0,0,0,0,0,0,1
LM230,0,0,0,0,0,0,1
LM231,0,0,0,0,0,0,1
LM232,0,0,0,0,0,0,1
LM233,0,0,0,0,0,0,1
LM24,0,0,0,0,0,0,1
LM25,0,0,0,0,0,0,1
LM26,0,0,0,0,0,0,1
LM27,0,0,0,0,0,0,1
LM28,0,0,0,0,0,0,1
LM29,0,0,0,0,0,0,1
LM3,0,0,0,0,0,0,1
LM30,0,0,0,0,0,0,1
LM31,0,0,0,0,0,0,1
LM32,0,0,0,0,0,0,1
LM33,0,0,0,0,0,0,1
LM34,0,0,0,0,0,0,1
LM35,0,0,0,0,0,0,1
LM36,0,0,0,0,0,0,1
LM37,0,0,0,0,0,0,1
LM38,0,0,0,0,0,0,1
LM39,0,0,0,0,0,0,1
LM4,0,0,0,0,0,0,1
LM40,0,0,0,0,0,0,1
LM41,0,0,0,0,0,0,1
LM42,0,0,0,0,0,0,1
LM43,0,0,0,0,0,0,1
LM44,0,0,0,0,0,0,1
LM45,0,0,0,0,0,0,1
LM46,0,0,0,0,0,0,1
LM47,0,0,0,0,0,0,1
LM48,0,0,0,0,0,0,1
LM49,0,0,0,0,0,0,1
LM5,0,0,0,0,0,0,1
LM50,0,0,0,0,0,0,1
LM51,0,0,0,0,0,0,1
LM52,0,0,0,0,0,0,1
LM53,0,0,0,0,0,0,1
LM54,0,0,0,0,0,0,1
LM55,0,0,0,0,0,0,1
LM56,0,0,0,0,0,0,1
LM57,0,0,0,0,0,0,1
LM58,0,0,0,0,0,0,1
LM59,0,0,0,0,0,0,1
LM6,0,0,0,0,0,0,1
LM60,0,0,0,0,0,0,1
LM61,0,0,0,0,0,0,1
LM62,0,0,0,0,0,0,1
LM63,0,0,0,0,0,0,1
LM64,0,0,0,0,0,0,1
LM65,0,0,0,0,0,0,1
LM66,0,0,0,0,0,0,1
LM67,0,0,0,0,0,0,1
LM68,0,0,0,0,0,0,1
LM69,0,0,0,0,0,0,1
LM7,0,0,0,0,0,0,1
LM70,0,0,0,0,0,0,1
LM71,0,0,0,0,0,0,1
LM72,0,0,0,0,0,0,1
LM73,0,0,0,0,0,0,1
LM74,0,0,0,0,0,0,1
LM75,0,0,0,0,0,0,1
LM76,0,0,0,0,0,0,1
LM77,0,0,0,0,0,0,1
LM78,0,0,0,0,0,0,1
LM79,0,0,0,0,0,0,1
LM8,0,0,0,0,0,0,1
LM80,0,0,0,0,0,0,1
LM81,0,0,0,0,0,0,1
LM82,0,0,0,0,0,0,1
LM83,0,0,0,0,0,0,1
LM84,0,0,0,0,0,0,1
LM85,0,0,0,0,0,0,1
LM86,0,0,0,0,0,0,1
LM87,0,0,0,0,0,0,1
LM88,0,0,0,0,0,0,1
LM89,0,0,0,0,0,0,1
LM9,0,0,0,0,0,0,1
LM90,0,0,0,0,0,0,1
LM91,0,0,0,0,0,0,1
LM92,0,0,0,0,0,0,1
LM93,0,0,0,0,0,0,1
LM94,0,0,0,0,0,0,1
LM95,0,0,0,0,0,0,1
LM96,0,0,0,0,0,0,1
LM97,0,0,0,0,0,0,1
LM98,0,0,0,0,0,0,1
LM99,0,0,0,0,0,0,1
LMAN1,0,1,0,0,0,0,0
LMAN2,0,1,0,0,0,0,0
LMCD1,0,1,0,0,0,0,0
LMO2,0,0,1,1,0,1,0
LMO3,0,0,0,0,0,1,0
LMO4,0,0,0,0,0,1,0
LMO7,0,1,0,0,0,0,0
LMS,0,0,0,0,0,0,1
LMX1A,0,1,1,1,0,0,1
LMX1B,0,1,1,1,0,1,1
LNPEP,0,1,0,0,0,0,0
LONP1,0,1,0,0,0,0,0
LONRF1,0,1,0,0,0,0,0
LONRF2,0,1,0,0,0,0,0
LPGAT1,0,1,0,0,0,0,0
LPP,0,1,0,0,0,0,0
LPXN,0,1,0,0,0,0,0
LRDD,0,1,0,0,0,0,0
LRRC29,0,1,0,0,0,0,0
LRRFIP1,0,0,0,0,0,1,0
LTF,0,0,0,1,0,0,0
LYL1,0,1,0,0,0,1,0
LYS14,0,0,0,0,0,0,1
MAB-3,0,0,0,0,0,0,1
MAC1,0,0,0,0,0,0,1
MACHO-1,0,0,0,0,0,0,1
MAD,0,0,0,0,0,0,1
MAD1L1,0,0,0,1,0,0,0
MADS CLASS,0,0,0,0,0,0,1
MAF,0,0,1,1,0,1,0
MAF::NFE2,0,0,0,0,0,0,1
MAFA,0,0,0,1,0,1,0
MAFB,0,1,1,1,0,1,1
MAFB_1,0,0,0,0,0,0,1
MAFB_2,0,0,0,0,0,0,1
MAFF,1,0,1,1,0,1,1
MAFG,0,1,1,1,0,1,1
MAFG::NFE2L1,0,0,0,0,0,0,1
MAFK,1,0,1,1,0,1,1
MAFK_1,0,0,0,0,0,0,1
MAFK_2,0,0,0,0,0,0,1
MAML1,0,0,0,0,0,1,0
MAPK8IP2,0,1,0,0,0,0,0
MAPK8IP3,0,1,0,0,0,0,0
MARS,0,1,0,0,0,0,0
MATALPHA2,0,0,0,0,0,0,1
MATR3,0,1,0,0,0,0,0
MAX,1,0,1,1,0,1,1
MAX::MYC,0,0,0,0,0,0,1
MAX_1,0,0,0,0,0,0,1
MAX_2,0,0,0,0,0,0,1
MAZ,1,1,0,1,0,1,0
MBD1,0,1,0,0,0,1,0
MBD2,0,0,0,0,0,1,0
MBD3,0,1,0,0,0,0,0
MBD4,1,1,0,0,0,0,0
MBD6,0,1,0,0,0,0,0
MBNL1,0,1,0,0,0,0,0
MBNL2,0,1,0,0,0,0,0
MBP1,0,0,0,0,0,0,1
MBP1::SWI6,0,0,0,0,0,0,1
MCAATNNNNNGCG,0,0,0,0,0,0,1
MCM1,0,0,0,0,0,0,1
MCM2,0,1,0,0,0,1,0
MCM3,0,1,0,0,0,0,0
MCM4,0,1,0,0,0,1,0
MCM5,0,1,0,0,0,0,0
MCM6,0,1,0,0,0,1,0
MCM7,0,1,0,0,0,0,0
MCM8,0,1,0,0,0,0,0
MCPH1,0,1,0,0,0,0,0
MDC1,0,1,0,0,0,0,0
MDM4,0,0,0,0,0,1,0
MDN1,0,1,0,0,0,0,0
MECOM,0,0,0,1,0,0,1
MECP2,0,0,0,1,0,1,0
MED-1,0,0,0,0,0,0,1
MED1,0,1,0,0,0,1,0
MED15,0,0,0,0,0,1,0
MED23,0,0,0,0,0,1,0
MEF2A,1,1,1,1,0,1,1
MEF2B,0,0,1,0,0,0,1
MEF2C,1,1,0,1,0,1,1
MEF2D,0,0,1,1,0,1,1
MEFV,0,1,0,0,0,0,0
MEIS1,0,0,1,1,0,1,1
MEIS2,0,0,1,1,0,0,1
MEIS3,0,0,1,1,0,0,1
MEN1,0,0,0,0,0,1,0
MEOX1,0,0,1,1,0,0,1
MEOX2,0,1,1,0,0,0,1
MESP1,0,1,1,0,0,0,0
MESP2,0,1,0,0,0,0,0
MET28,0,0,0,0,0,0,1
MET31,0,0,0,0,0,0,1
MET32,0,0,0,0,0,0,1
MET4,0,0,0,0,0,0,1
METAP2,0,1,0,0,0,0,0
MEX3D,0,1,0,0,0,0,0
MGA,0,0,1,0,0,0,1
MGA1,0,0,0,0,0,0,1
MGGAAGTG,0,0,0,0,0,0,1
MGMT,0,1,0,0,0,0,0
MIB1,0,1,0,0,0,0,0
MICAL3,0,1,0,0,0,0,0
MICALL2,0,1,0,0,0,0,0
MIER1,0,1,0,0,0,0,0
MIG1,0,0,0,0,0,0,1
MIG2,0,0,0,0,0,0,1
MIG3,0,0,0,0,0,0,1
MIRR,0,0,0,0,0,0,1
MITF,0,0,0,1,0,1,1
MIX-A,0,0,0,0,0,0,1
MIXL1,0,0,1,0,0,0,1
MIZF,0,1,0,0,0,0,0
MKI67IP,0,1,0,0,0,0,0
MKL1,0,1,0,0,0,1,0
MKL2,0,1,0,0,0,0,0
MKLN1,0,1,0,0,0,0,0
MKRN2,0,1,0,0,0,0,0
MKX,0,1,0,0,0,0,0
MLL,0,1,0,0,0,0,0
MLL2,0,1,0,0,0,1,0
MLL3,0,1,0,0,0,1,0
MLL4,0,0,0,0,0,1,0
MLLT10,0,0,0,0,0,1,0
MLLT3,0,0,0,0,0,1,0
MLX,0,1,1,0,0,1,1
MLXIP,0,0,0,0,0,0,1
MLXIPL,0,0,0,0,0,1,1
MNAT1,0,1,0,0,0,0,0
MNB1A,0,0,0,0,0,0,1
MNDA,0,1,0,0,0,0,0
MNT,0,0,1,0,0,0,1
MNX1,0,0,1,1,0,0,1
MOT2,0,0,0,0,0,0,1
MOT3,0,0,0,0,0,0,1
MPHOSPH8,0,1,0,0,0,0,0
MRM1,0,1,0,0,0,0,0
MRO,0,1,0,0,0,0,0
MRPL23,0,1,0,0,0,0,0
MRPL24,0,1,0,0,0,0,0
MRPL28,0,1,0,0,0,0,0
MRPL44,0,1,0,0,0,0,0
MRPS12,0,1,0,0,0,0,0
MRPS17,0,1,0,0,0,0,0
MSC,0,0,0,0,0,1,1
MSH2,0,1,0,0,0,0,0
MSH5,0,1,0,0,0,0,0
MSH6,0,1,0,0,0,0,0
MSN2,0,0,0,0,0,0,1
MSN4,0,0,0,0,0,0,1
MSX1,0,0,1,1,0,1,1
MSX2,0,0,1,1,0,1,1
MSX3,0,0,0,0,0,0,1
MTA1,0,1,0,0,0,1,0
MTA2,0,0,0,0,0,1,0
MTA3,1,0,0,0,0,1,0
MTE,0,0,0,0,0,0,1
MTERF,0,0,0,1,0,0,0
MTF1,0,0,1,1,0,1,1
MTF1_1,0,0,0,0,0,0,1
MTF1_2,0,0,0,0,0,0,1
MTF2,0,1,0,0,0,0,0
MTHFSD,0,1,0,0,0,0,0
MTMR3,0,1,0,0,0,0,0
MTPN,0,1,0,0,0,0,0
MTX1,0,1,0,0,0,0,0
MTX2,0,1,0,0,0,0,0
MXD1,0,0,0,0,0,1,0
MXD3,0,1,0,1,0,0,0
MXD4,0,0,0,1,0,1,0
MXI1,1,1,0,1,0,1,0
MXL-1::MDL-1,0,0,0,0,0,0,1
MXL-3,0,0,0,0,0,0,1
MYAATNNNNNNNGGC,0,0,0,0,0,0,1
MYB,0,1,1,1,1,1,1
MYB.PH3,0,0,0,0,0,0,1
MYB111,0,0,0,0,0,0,1
MYB15,0,0,0,0,0,0,1
MYB24,0,0,0,0,0,0,1
MYB3,0,0,0,0,0,0,1
MYB4,0,0,0,0,0,0,1
MYB46,0,0,0,0,0,0,1
MYB55,0,0,0,0,0,0,1
MYB59,0,0,0,0,0,0,1
MYBBP1A,0,0,0,0,0,1,0
MYBL1,0,1,1,0,1,1,1
MYBL1_1,0,0,0,0,0,0,1
MYBL1_2,0,0,0,0,0,0,1
MYBL2,1,1,1,1,1,1,1
MYB_1,0,0,0,0,0,0,1
MYB_2,0,0,0,0,0,0,1
MYC,1,1,1,1,0,1,1
MYC2,0,0,0,0,0,0,1
MYC3,0,0,0,0,0,0,1
MYC4,0,0,0,0,0,0,1
MYCN,0,1,1,1,0,1,1
MYD88,0,1,0,0,0,0,0
MYEF2,0,0,1,0,0,0,0
MYF5,0,0,0,1,0,1,0
MYF6,0,0,1,1,0,1,1
MYF6_1,0,0,0,0,0,0,1
MYF6_2,0,0,0,0,0,0,1
MYO10,0,1,0,0,0,0,0
MYO16,0,1,0,0,0,0,0
MYOCD,0,0,0,0,0,1,0
MYOD1,0,1,1,1,0,1,1
MYOG,0,0,0,1,0,1,1
MYSM1,0,1,0,0,0,0,0
MYST3,0,1,0,0,0,0,0
MYST4,0,1,0,0,0,0,0
MYT1L,0,1,0,0,0,0,0
MZF1,0,1,1,1,0,1,1
MZF1(VAR.2),0,0,0,0,0,0,1
NAB1,0,0,0,0,0,1,0
NAB2,0,0,0,0,0,1,0
NAC025,0,0,0,0,0,0,1
NAC043,0,0,0,0,0,0,1
NAC055,0,0,0,0,0,0,1
NAC058,0,0,0,0,0,0,1
NAC080,0,0,0,0,0,0,1
NAC083,0,0,0,0,0,0,1
NAC92,0,0,0,0,0,0,1
NANOG,1,0,1,1,0,1,0
NAPA,0,1,0,0,0,0,0
NARG1,0,1,0,0,0,0,0
NARG1L,0,1,0,0,0,0,0
NARS2,0,1,0,0,0,0,0
NASP,0,1,0,0,0,0,0
NAT10,0,1,0,0,0,0,0
NAT11,0,1,0,0,0,0,0
NAT13,0,1,0,0,0,0,0
NAT14,0,1,0,0,0,0,0
NAT5,0,1,0,0,0,0,0
NBEA,0,1,0,0,0,0,0
NBEAL1,0,1,0,0,0,0,0
NBN,0,1,0,0,0,0,0
NCAPD2,0,1,0,0,0,0,0
NCAPD3,0,1,0,0,0,0,0
NCAPG,0,1,0,0,0,0,0
NCAPG2,0,1,0,0,0,0,0
NCBP2,0,1,0,0,0,0,0
NCF2,0,1,0,0,0,0,0
NCL,0,1,0,0,0,0,0
NCOA1,0,1,0,0,0,1,0
NCOA2,0,1,0,0,0,1,0
NCOA3,0,1,0,0,0,1,0
NCOA4,0,0,0,0,0,1,0
NCOA6,0,0,0,0,0,1,0
NCOR1,0,1,0,0,0,1,0
NCOR2,0,1,0,0,0,1,0
NCSTN,0,1,0,0,0,0,0
NCU00019,0,0,0,0,0,0,1
NDT80,0,0,0,0,0,0,1
NDUFS1,0,1,0,0,0,0,0
NEDD1,0,1,0,0,0,0,0
NELFB,0,0,0,0,0,1,0
NELFCD,0,0,0,0,0,1,0
NEUROD1,0,0,0,1,0,1,0
NEUROD2,0,0,1,0,0,0,1
NEUROG1,0,0,0,0,0,0,1
NEUROG2,0,0,1,0,0,0,1
NEUROG3,0,0,0,0,0,1,0
NF1,0,0,0,1,0,1,0
NFAT,0,0,1,0,0,0,0
NFAT5,0,1,1,0,0,1,1
NFATC1,1,1,1,1,0,1,1
NFATC2,0,0,0,1,0,1,1
NFATC3,0,1,0,1,0,1,1
NFATC4,0,1,0,1,0,1,0
NFE2,1,0,1,1,0,1,1
NFE2L1,0,1,1,1,0,1,0
NFE2L2,0,1,1,1,0,1,1
NFE2L3,0,1,0,1,0,0,0
NFIA,0,1,1,0,1,1,1
NFIB,0,1,1,1,0,1,0
NFIC,1,1,1,1,1,1,1
NFIC::TLX1,0,0,0,0,0,0,1
NFIL3,0,0,1,1,0,1,1
NFIX,0,1,0,1,1,1,1
NFKB,0,0,1,0,0,0,0
NFKB1,0,1,1,1,1,1,1
NFKB2,0,1,1,1,1,1,1
NFKBIA,0,1,0,0,0,1,0
NFKBIB,0,0,0,0,0,1,0
NFKBIE,0,1,0,0,0,0,0
NFKBIZ,0,0,0,0,0,1,0
NFRKB,0,0,0,0,0,1,0
NFX1,0,1,0,0,0,0,0
NFY,0,0,1,0,0,0,0
NFYA,1,0,1,1,0,1,1
NFYB,1,1,0,1,0,1,1
NFYC,0,1,0,1,0,1,0
NHLH1,0,0,1,1,0,0,1
NHLH2,0,0,0,0,0,1,0
NHP10,0,0,0,0,0,0,1
NHP6A,0,0,0,0,0,0,1
NHP6B,0,0,0,0,0,0,1
NIPA1,0,1,0,0,0,0,0
NK7.1,0,0,0,0,0,0,1
NKX1-1,0,0,1,0,0,0,1
NKX1-2,0,0,1,0,0,0,1
NKX2-1,0,0,1,1,0,1,1
NKX2-2,0,0,1,1,0,1,1
NKX2-3,0,0,1,0,0,1,1
NKX2-4,0,0,1,0,0,0,1
NKX2-5,0,0,1,1,0,1,1
NKX2-5(VAR.2),0,0,0,0,0,0,1
NKX2-6,0,0,1,0,0,0,1
NKX2-8,0,0,1,0,0,0,1
NKX2-9,0,0,0,0,0,0,1
NKX3-1,0,1,1,1,0,1,1
NKX3-1_1,0,0,0,0,0,0,1
NKX3-1_2,0,0,0,0,0,0,1
NKX3-2,0,0,1,1,0,0,1
NKX6-1,0,1,1,1,0,0,1
NKX6-1_1,0,0,0,0,0,0,1
NKX6-1_2,0,0,0,0,0,0,1
NKX6-2,0,0,1,1,0,0,1
NKX6-3,0,0,1,0,0,0,1
NLE1,0,1,0,0,0,0,0
NLRP1,0,1,0,0,0,0,0
NLRP12,0,1,0,0,0,0,0
NLRP3,0,1,0,0,0,0,0
NLRP4,0,1,0,0,0,0,0
NLRP8,0,1,0,0,0,0,0
NMI,0,1,0,0,0,0,0
NOBOX,0,1,1,0,0,0,1
NOC3L,0,1,0,0,0,0,0
NOC4L,0,1,0,0,0,0,0
NODAL,0,1,0,0,0,0,0
NOL10,0,1,0,0,0,0,0
NOL3,0,1,0,0,0,0,0
NOL8,0,1,0,0,0,0,0
NOLC1,0,1,0,0,0,0,0
NONO,0,1,0,0,0,0,0
NOTCH3,0,0,0,0,0,1,0
NOTO,0,0,1,0,0,0,1
NOVA1,0,1,0,0,0,0,0
NPAS1,0,0,0,0,0,1,0
NPAS2,0,0,0,0,0,1,1
NPAS3,0,1,0,0,0,1,0
NPAS4,0,1,0,0,0,0,0
NPEPL1,0,1,0,0,0,0,0
NPEPPS,0,1,0,0,0,0,0
NPHP3,0,1,0,0,0,0,0
NPM1,0,0,0,0,0,1,0
NR0B1,0,0,0,1,0,1,0
NR0B2,0,0,0,0,0,1,0
NR1D1,0,1,0,0,0,1,0
NR1H,0,0,1,0,0,0,0
NR1H2,0,1,0,1,0,1,0
NR1H2::RXRA,0,0,0,0,0,0,1
NR1H3,0,0,0,1,0,1,0
NR1H3::RXRA,0,0,0,0,0,0,1
NR1H4,0,0,1,1,0,1,0
NR1I2,0,1,0,1,0,1,0
NR1I3,0,0,0,1,0,1,0
NR2C1,0,1,0,0,0,0,0
NR2C2,1,1,1,1,0,1,1
NR2E1,0,0,1,0,0,0,1
NR2E3,0,0,0,1,0,1,1
NR2F1,0,0,1,1,0,1,1
NR2F2,1,0,1,1,0,1,0
NR2F2_1,0,0,0,0,0,0,1
NR2F2_2,0,0,0,0,0,0,1
NR2F6,0,1,1,1,0,1,1
NR2F6(VAR.2),0,0,0,0,0,0,1
NR3C1,1,1,1,1,0,1,1
NR3C2,0,1,1,0,0,1,1
NR4A1,0,1,0,1,0,1,0
NR4A2,0,0,1,1,0,1,1
NR4A3,0,1,0,0,0,1,0
NR5A1,0,0,1,1,0,1,0
NR5A2,0,0,1,1,0,1,1
NR6A1,0,1,1,1,0,0,0
NRAP,0,1,0,0,0,0,0
NRF1,1,0,1,1,0,1,1
NRG1,0,0,0,0,0,0,1
NRIP1,0,0,0,0,0,1,0
NRL,0,0,1,0,0,1,1
NSD1,0,1,0,0,0,1,0
NSI1,0,0,0,0,0,0,1
NSMAF,0,1,0,0,0,0,0
NTL9,0,0,0,0,0,0,1
NUB,0,0,0,0,0,0,1
NUCLEAR RECEPTOR CLASS,0,0,0,0,0,0,1
NUFIP1,0,1,0,0,0,0,0
NUMBL,0,1,0,0,0,0,0
NUP133,0,1,0,0,0,0,0
NUP37,0,1,0,0,0,0,0
NUP50,0,1,0,0,0,0,0
NUPR1,0,0,0,0,0,1,0
NUTF2,0,1,0,0,0,0,0
NXF5,0,1,0,0,0,0,0
OAF1,0,0,0,0,0,0,1
OAZ1,0,0,0,1,0,0,0
OBOX1,0,0,1,0,0,0,1
OBOX2,0,0,1,0,0,0,1
OBOX3,0,0,1,0,0,0,1
OBOX5,0,0,1,0,0,0,0
OBOX5_1,0,0,0,0,0,0,1
OBOX5_2,0,0,0,0,0,0,1
OBOX6,0,0,1,0,0,0,1
OC,0,0,0,0,0,0,1
OCRL,0,1,0,0,0,0,0
ODD,0,0,0,0,0,0,1
ODSH,0,0,0,0,0,0,1
OFD1,0,1,0,0,0,0,0
OGT,0,1,0,0,0,0,0
OJ1058_F05.8,0,0,0,0,0,0,1
OJ1581_H09.2,0,0,0,0,0,0,1
OLIG1,0,0,1,0,0,0,1
OLIG2,0,0,1,0,0,0,1
OLIG3,0,0,1,0,0,0,1
ONECUT,0,0,0,0,0,0,1
ONECUT1,0,0,1,1,0,1,1
ONECUT2,0,0,1,1,0,1,1
ONECUT3,0,1,1,0,0,0,1
OPA,0,0,0,0,0,0,1
OPI1,0,0,0,0,0,0,1
OPTIX,0,0,0,0,0,0,1
ORC1L,0,1,0,0,0,0,0
OS05G0497200,0,0,0,0,0,0,1
OSBP,0,1,0,0,0,0,0
OSBPL10,0,1,0,0,0,0,0
OSBPL11,0,1,0,0,0,0,0
OSBPL3,0,1,0,0,0,0,0
OSBPL5,0,1,0,0,0,0,0
OSBPL7,0,1,0,0,0,0,0
OSBPL8,0,1,0,0,0,0,0
OSBPL9,0,1,0,0,0,0,0
OSI_08196,0,0,0,0,0,0,1
OSR1,0,0,1,0,0,0,0
OSR1_1,0,0,0,0,0,0,1
OSR1_2,0,0,0,0,0,0,1
OSR2,0,0,1,0,0,0,0
OSR2_1,0,0,0,0,0,0,1
OSR2_2,0,0,0,0,0,0,1
OSTF1,0,1,0,0,0,0,0
OTP,0,0,1,1,0,0,1
OTX,0,0,1,0,0,0,0
OTX1,0,1,1,1,0,1,1
OTX2,0,1,1,1,0,1,1
OVO,0,0,0,0,0,0,1
OVOL2,0,1,0,1,0,0,0
P0510F09.23,0,0,0,0,0,0,1
PA2G4,0,1,0,0,0,1,0
PABPC1,0,1,0,0,0,0,0
PABPC3,0,1,0,0,0,0,0
PABPC4,0,1,0,0,0,0,0
PABPN1,0,1,0,0,0,0,0
PAFAH1B1,0,1,0,0,0,0,0
PAK1IP1,0,1,0,0,0,0,0
PAL-1,0,0,0,0,0,0,1
PALB2,0,1,0,0,0,0,0
PAN,0,0,0,0,0,0,1
PARP1,0,1,0,1,0,1,0
PARP10,0,1,0,0,0,0,0
PARP14,0,1,0,0,0,0,0
PARP2,0,1,0,0,0,0,0
PARP9,0,1,0,0,0,0,0
PATZ1,0,1,1,1,0,0,0
PAWR,0,0,0,0,0,1,0
PAX,0,0,1,0,0,0,0
PAX1,0,0,1,1,1,1,1
PAX2,0,0,1,1,1,1,1
PAX3,0,0,1,1,1,1,1
PAX4,0,0,1,1,1,1,1
PAX5,1,1,1,1,1,1,1
PAX6,0,0,1,1,1,1,1
PAX7,0,1,1,1,0,0,1
PAX8,0,1,1,1,1,1,0
PAX9,0,0,1,0,1,0,1
PAXIP1,0,1,0,0,0,0,0
PB,0,0,0,0,0,0,1
PBF,0,0,0,0,0,0,1
PBRM1,0,1,0,0,0,0,0
PBX,0,0,1,0,0,0,0
PBX1,0,1,1,1,0,1,1
PBX2,0,1,0,1,0,1,0
PBX3,1,0,0,1,0,0,0
PCBP1,0,1,0,0,0,0,0
PCBP2,0,1,0,0,0,0,0
PCBP3,0,1,0,0,0,0,0
PCBP4,0,1,0,0,0,0,0
PCF11,0,1,0,0,0,0,0
PCGF2,0,1,0,0,0,1,0
PCGF3,0,1,0,0,0,0,0
PCGF5,0,1,0,0,0,0,0
PCGF6,0,1,0,0,0,0,0
PDCD11,0,1,0,0,0,1,0
PDLIM3,0,1,0,0,0,0,0
PDLIM4,0,1,0,0,0,0,0
PDLIM5,0,1,0,0,0,0,0
PDLIM7,0,1,0,0,0,0,0
PDPK1,0,1,0,0,0,0,0
PDR1,0,0,0,0,0,0,1
PDR3,0,0,0,0,0,0,1
PDR8,0,0,0,0,0,0,1
PDRG1,0,1,0,0,0,0,0
PDS5A,0,1,0,0,0,0,0
PDX1,0,1,1,1,0,1,1
PEA15,0,1,0,0,0,0,0
PEND,0,0,0,0,0,0,1
PER1,0,0,0,0,0,1,0
PER2,0,0,0,0,0,1,0
PES1,0,1,0,0,0,0,0
PEX10,0,1,0,0,0,0,0
PEX5,0,1,0,0,0,0,0
PFDN2,0,1,0,0,0,0,0
PFDN4,0,1,0,0,0,0,0
PFDN6,0,1,0,0,0,0,0
PGR,0,0,1,1,1,1,0
PHA-4,0,0,0,0,0,0,1
PHACTR1,0,1,0,0,0,0,0
PHACTR2,0,1,0,0,0,0,0
PHACTR3,0,1,0,0,0,0,0
PHACTR4,0,1,0,0,0,0,0
PHB2,0,0,0,0,0,1,0
PHC3,0,1,0,0,0,0,0
PHD1,0,0,0,0,0,0,1
PHDP,0,0,0,0,0,0,1
PHF10,0,1,0,0,0,1,0
PHF11,0,1,0,0,0,0,0
PHF12,0,1,0,0,0,0,0
PHF14,0,1,0,0,0,0,0
PHF20,0,1,0,0,0,0,0
PHF7,0,1,0,0,0,0,0
PHF8,1,0,0,0,0,0,0
PHIP,0,1,0,0,0,0,0
PHKA1,0,1,0,0,0,0,0
PHKB,0,1,0,0,0,0,0
PHLDA1,0,1,0,0,0,0,0
PHLDA3,0,1,0,0,0,0,0
PHLDB1,0,1,0,0,0,0,0
PHLDB2,0,1,0,0,0,0,0
PHLPPL,0,1,0,0,0,0,0
PHO2,0,0,0,0,0,0,1
PHO4,0,0,0,0,0,0,1
PHOX2A,0,0,1,0,0,1,1
PHOX2B,0,0,1,0,0,1,1
PHTF1,0,1,0,0,0,0,0
PHYPADRAFT_140773,0,0,0,0,0,0,1
PHYPADRAFT_143875,0,0,0,0,0,0,1
PHYPADRAFT_153324,0,0,0,0,0,0,1
PHYPADRAFT_173530,0,0,0,0,0,0,1
PHYPADRAFT_182268,0,0,0,0,0,0,1
PHYPADRAFT_28324,0,0,0,0,0,0,1
PHYPADRAFT_38837,0,0,0,0,0,0,1
PHYPADRAFT_48267,0,0,0,0,0,0,1
PHYPADRAFT_64121,0,0,0,0,0,0,1
PHYPADRAFT_72483,0,0,0,0,0,0,1
PI,0,0,0,0,0,0,1
PIAS1,0,1,0,0,0,1,0
PIAS2,0,1,0,0,0,1,0
PIAS3,0,0,0,0,0,1,0
PIAS4,0,0,0,0,0,1,0
PIF1,0,0,0,0,0,0,1
PIF3,0,0,0,0,0,0,1
PIF4,0,0,0,0,0,0,1
PIF5,0,0,0,0,0,0,1
PIN1,0,1,0,0,0,0,0
PIP5K3,0,1,0,0,0,0,0
PIR,0,0,0,0,0,1,0
PITX1,0,1,1,1,0,1,1
PITX2,0,0,1,1,0,1,1
PITX3,0,1,1,1,0,1,1
PIWIL2,0,1,0,0,0,0,0
PKNOX1,0,0,1,1,0,1,1
PKNOX2,0,1,1,1,0,0,1
PKP3,0,1,0,0,0,0,0
PLA2G6,0,1,0,0,0,0,0
PLAA,0,1,0,0,0,0,0
PLAG1,0,0,1,0,0,1,1
PLAGL1,0,0,1,0,0,1,0
PLAGL1_1,0,0,0,0,0,0,1
PLAGL1_2,0,0,0,0,0,0,1
PLAGL2,0,1,0,0,0,1,0
PLD1,0,1,0,0,0,0,0
PLD3,0,1,0,0,0,0,0
PLEK,0,1,0,0,0,0,0
PLEK2,0,1,0,0,0,0,0
PLEKHA3,0,1,0,0,0,0,0
PLEKHA5,0,1,0,0,0,0,0
PLEKHA8,0,1,0,0,0,0,0
PLEKHB1,0,1,0,0,0,0,0
PLEKHB2,0,1,0,0,0,0,0
PLEKHG1,0,1,0,0,0,0,0
PLEKHG5,0,1,0,0,0,0,0
PLEKHH2,0,1,0,0,0,0,0
PLEKHJ1,0,1,0,0,0,0,0
PLEKHM2,0,1,0,0,0,0,0
PLEKHN1,0,1,0,0,0,0,0
PML,1,1,0,0,0,1,0
PMS1,0,1,0,0,0,0,0
PNO1,0,1,0,0,0,0,0
PNPT1,0,1,0,0,0,0,0
PNR,0,0,0,0,0,0,1
POGK,0,1,0,0,0,0,0
POGZ,0,1,0,0,0,0,0
POLA1,0,1,0,0,0,0,0
POLD1,0,1,0,0,0,0,0
POLDIP3,0,1,0,0,0,0,0
POLE3,0,1,0,0,0,0,0
POLE4,0,1,0,0,0,0,0
POLL,0,1,0,0,0,0,0
POLQ,0,1,0,0,0,0,0
POLR1A,0,0,0,0,0,1,0
POLR2A,1,0,0,0,0,0,0
POLR2E,0,1,0,0,0,0,0
POLR2G,0,1,0,0,0,0,0
POLR2I,0,1,0,0,0,0,0
POLR2L,0,1,0,0,0,0,0
POLR3K,0,1,0,0,0,0,0
POPTR_0002S00440G,0,0,0,0,0,0,1
POT1,0,1,0,0,0,0,0
POU,0,0,1,0,0,0,0
POU1F1,0,0,1,1,0,1,1
POU2AF1,0,0,0,1,0,1,0
POU2F1,0,1,1,1,1,1,1
POU2F2,1,1,1,1,1,1,1
POU2F3,0,0,1,1,1,1,1
POU3F1,0,0,1,1,1,1,1
POU3F2,0,0,1,1,1,1,1
POU3F3,0,0,1,1,0,0,1
POU3F4,0,0,1,1,0,1,1
POU4F1,0,0,1,1,0,1,1
POU4F2,0,0,1,0,0,1,1
POU4F3,0,0,1,1,0,0,1
POU5F1,1,0,1,1,1,1,0
POU5F1::SOX2,0,0,0,0,0,0,1
POU5F1B,0,0,1,1,0,0,1
POU6F1,0,1,1,1,0,0,1
POU6F1_1,0,0,0,0,0,0,1
POU6F1_2,0,0,0,0,0,0,1
POU6F2,0,0,1,0,0,0,1
PPARA,0,1,1,1,1,1,0
PPARD,0,1,0,1,1,1,0
PPARG,0,0,1,1,1,1,1
PPARG::RXRA,0,0,0,0,0,0,1
PPARGC1A,1,0,0,0,0,1,0
PPFIA1,0,1,0,0,0,0,0
PPFIA2,0,1,0,0,0,0,0
PPFIBP1,0,1,0,0,0,0,0
PPH13,0,0,0,0,0,0,1
PPID,0,1,0,0,0,0,0
PPIE,0,1,0,0,0,0,0
PPIL4,0,1,0,0,0,0,0
PPP1R12A,0,1,0,0,0,0,0
PPP1R12B,0,1,0,0,0,0,0
PPP1R13B,0,1,0,0,0,0,0
PPP1R13L,0,1,0,0,0,0,0
PPP1R16A,0,1,0,0,0,0,0
PPP1R16B,0,1,0,0,0,0,0
PPP2R1B,0,1,0,0,0,0,0
PPP2R2A,0,1,0,0,0,0,0
PPP2R2B,0,1,0,0,0,0,0
PPWD1,0,1,0,0,0,0,0
PQBP1,0,1,0,0,0,0,0
PRB1,0,1,0,0,0,0,0
PRB4,0,1,0,0,0,0,0
PRD,0,0,0,0,0,0,1
PRDM1,1,0,1,1,0,1,1
PRDM14,0,0,0,0,0,1,0
PRDM4,0,0,1,0,0,0,0
PRDM8,0,1,0,0,0,0,0
PREB,0,1,0,0,0,1,0
PRH1,0,1,0,0,0,0,0
PRICKLE2,0,1,0,0,0,0,0
PRICKLE3,0,1,0,0,0,0,0
PRICKLE4,0,1,0,0,0,0,0
PRKRA,0,1,0,0,0,0,0
PRMT3,0,1,0,0,0,0,0
PROP1,0,0,1,1,0,0,1
PROX1,0,1,1,0,0,1,1
PRPF19,0,1,0,0,0,0,0
PRPF4,0,1,0,0,0,0,0
PRPF40A,0,1,0,0,0,0,0
PRPF6,0,1,0,0,0,0,0
PRR3,0,1,0,0,0,0,0
PRRX1,0,1,1,1,0,0,1
PRRX2,0,1,1,1,0,0,1
PSCD1,0,1,0,0,0,0,0
PSCD2,0,1,0,0,0,0,0
PSCD4,0,1,0,0,0,0,0
PSD3,0,1,0,0,0,0,0
PSD4,0,1,0,0,0,0,0
PSIP1,0,1,0,0,0,0,0
PSMD10,0,1,0,0,0,0,0
PSMD11,0,1,0,0,0,0,0
PSMD12,0,1,0,0,0,0,0
PSMD13,0,1,0,0,0,0,0
PSMD14,0,1,0,0,0,0,0
PSMD3,0,1,0,0,0,0,0
PSMD4,0,1,0,0,0,0,0
PSMD6,0,1,0,0,0,0,0
PSMD7,0,1,0,0,0,0,0
PSME4,0,1,0,0,0,0,0
PSPC1,0,1,0,0,0,0,0
PTBP1,0,1,0,0,0,0,0
PTBP2,0,1,0,0,0,0,0
PTEN,0,0,1,0,0,0,0
PTF1A,0,0,1,0,0,1,0
PTMA,0,0,0,0,0,1,0
PTS,0,1,0,0,0,0,0
PTTG1,0,0,0,0,0,1,0
PTX1,0,0,0,0,0,0,1
PUF60,0,1,0,0,0,0,0
PURA,0,0,0,1,0,1,0
PUT3,0,0,0,0,0,0,1
PWP1,0,1,0,0,0,0,0
PWP2,0,1,0,0,0,0,0
PWWP2A,0,1,0,0,0,0,0
PWWP2B,0,1,0,0,0,0,0
PXN,0,1,0,0,0,0,0
PYCARD,0,1,0,0,0,0,0
QKI,0,1,0,0,0,0,0
R3HCC1,0,1,0,0,0,0,0
R3HDM1,0,1,0,0,0,0,0
R3HDM2,0,1,0,0,0,0,0
RAAGNYNNCTTY,0,0,0,0,0,0,1
RABEPK,0,1,0,0,0,0,0
RABGAP1,0,1,0,0,0,0,0
RACCACAR,0,0,0,0,0,0,1
RACTNNRTTTNC,0,0,0,0,0,0,1
RAD18,0,1,0,0,0,0,0
RAD21,1,0,0,0,0,0,0
RAD51,0,0,0,0,0,1,0
RAD54B,0,1,0,0,0,0,0
RAD54L,0,1,0,0,0,0,0
RAE1,0,1,0,0,0,0,0
RAI1,0,1,0,0,0,0,0
RAI14,0,1,0,0,0,0,0
RANBP1,0,1,0,0,0,0,0
RANBP2,0,1,0,0,0,0,0
RANBP3,0,1,0,0,0,0,0
RANBP5,0,1,0,0,0,0,0
RAP1,0,0,0,0,0,0,1
RAP1GDS1,0,1,0,0,0,0,0
RAP2-10,0,0,0,0,0,0,1
RAP2-3,0,0,0,0,0,0,1
RAP2-6,0,0,0,0,0,0,1
RAPGEF3,0,1,0,0,0,0,0
RAPH1,0,1,0,0,0,0,0
RAR,0,0,1,0,0,0,0
RARA,0,1,1,1,1,1,1
RARA(VAR.2),0,0,0,0,0,0,1
RARA::RXRA,0,0,0,0,0,0,1
RARA_1,0,0,0,0,0,0,1
RARA_2,0,0,0,0,0,0,1
RARB,0,1,1,1,1,1,1
RARB(VAR.2),0,0,0,0,0,0,1
RARG,0,1,1,1,1,1,1
RARG(VAR.2),0,0,0,0,0,0,1
RASSF7,0,1,0,0,0,0,0
RAV1,0,0,0,0,0,0,1
RAV1(VAR.2),0,0,0,0,0,0,1
RAX,0,0,1,1,0,0,1
RAX2,0,0,0,0,0,0,1
RAX3,0,0,0,0,0,0,1
RB1,0,1,0,1,0,1,0
RB1CC1,0,0,0,0,0,1,0
RBBP4,0,1,0,0,0,0,0
RBBP5,1,0,0,0,0,0,0
RBBP6,0,1,0,0,0,0,0
RBBP7,0,1,0,0,0,1,0
RBL1,0,1,0,0,0,1,0
RBL2,0,1,0,0,0,1,0
RBM10,0,1,0,0,0,0,0
RBM12,0,1,0,0,0,0,0
RBM12B,0,1,0,0,0,0,0
RBM14,0,1,0,0,0,0,0
RBM17,0,1,0,0,0,0,0
RBM18,0,1,0,0,0,0,0
RBM19,0,1,0,0,0,0,0
RBM22,0,1,0,0,0,0,0
RBM25,0,1,0,0,0,0,0
RBM26,0,1,0,0,0,0,0
RBM28,0,1,0,0,0,0,0
RBM34,0,1,0,0,0,0,0
RBM35A,0,1,0,0,0,0,0
RBM35B,0,1,0,0,0,0,0
RBM39,0,1,0,0,0,0,0
RBM42,0,1,0,0,0,0,0
RBM47,0,1,0,0,0,0,0
RBM4B,0,1,0,0,0,0,0
RBM5,0,1,0,0,0,0,0
RBM6,0,1,0,0,0,0,0
RBM8A,0,1,0,0,0,0,0
RBMS1,0,1,0,0,0,0,0
RBMS3,0,1,0,0,0,0,0
RBMX,0,1,0,0,0,1,0
RBMX2,0,1,0,0,0,0,0
RBPJ,0,0,1,1,0,1,0
RBPMS,0,1,0,0,0,0,0
RBX1,0,1,0,0,0,0,0
RC3H1,0,1,0,0,0,0,0
RC3H2,0,1,0,0,0,0,0
RCGCANGCGY,0,0,0,0,0,0,1
RCHY1,0,1,0,0,0,0,0
RCOR1,1,0,0,0,0,0,0
RCOR3,0,1,0,0,0,0,0
RDBP,0,1,0,0,0,0,0
RDR1,0,0,0,0,0,0,1
RDS1,0,0,0,0,0,0,1
RDS2,0,0,0,0,0,0,1
REB1,0,0,0,0,0,0,1
RECQL,0,1,0,0,0,0,0
RECQL4,0,1,0,0,0,0,0
RECQL5,0,1,0,0,0,0,0
REF-1,0,0,0,0,0,0,1
REI1,0,0,0,0,0,0,1
REL,0,0,1,1,1,1,1
REL CLASS,0,0,0,0,0,0,1
RELA,1,1,1,1,1,1,1
RELB,0,1,0,1,1,1,0
REPO,0,0,0,0,0,0,1
RERE,0,1,0,0,0,0,0
REST,1,0,1,1,0,1,1
RETSAT,0,1,0,0,0,0,0
REV3L,0,1,0,0,0,0,0
REXO1,0,1,0,0,0,0,0
REXO1L1,0,1,0,0,0,0,0
REXO2,0,1,0,0,0,0,0
REXO4,0,1,0,0,0,0,0
RFC1,0,1,0,0,0,0,0
RFC2,0,1,0,0,0,0,0
RFC4,0,1,0,0,0,0,0
RFC5,0,1,0,0,0,0,0
RFWD2,0,1,0,0,0,1,0
RFWD3,0,1,0,0,0,0,0
RFX1,0,1,1,1,0,1,1
RFX2,0,0,1,1,0,1,1
RFX3,0,1,1,1,0,1,1
RFX3_1,0,0,0,0,0,0,1
RFX3_2,0,0,0,0,0,0,1
RFX4,0,0,1,1,0,0,1
RFX4_1,0,0,0,0,0,0,1
RFX4_2,0,0,0,0,0,0,1
RFX5,1,0,1,1,0,1,1
RFX7,0,0,1,0,0,0,0
RFXANK,0,1,0,1,0,1,0
RFXAP,0,0,0,1,0,1,0
RFXDC2_1,0,0,0,0,0,0,1
RFXDC2_2,0,0,0,0,0,0,1
RGAANNTTC,0,0,0,0,0,0,1
RGAGGAARY,0,0,0,0,0,0,1
RGL1,0,1,0,0,0,0,0
RGM1,0,0,0,0,0,0,1
RGS6,0,1,0,0,0,0,0
RGT1,0,0,0,0,0,0,1
RGTTAMWNATT,0,0,0,0,0,0,1
RHAG,0,1,0,0,0,0,0
RHOX11,0,0,0,0,0,0,1
RHOX11_1,0,0,0,0,0,0,1
RHOX11_2,0,0,0,0,0,0,1
RHOX6,0,0,0,0,0,0,1
RHOXF1,0,0,1,0,0,0,1
RHOXF2,0,0,1,0,0,0,0
RIM101,0,0,0,0,0,0,1
RIN2,0,1,0,0,0,0,0
RLF,0,1,0,0,0,0,0
RLM1,0,0,0,0,0,0,1
RME1,0,0,0,0,0,0,1
RNASEH1,0,1,0,0,0,0,0
RNASEH2A,0,1,0,0,0,0,0
RNASEN,0,1,0,0,0,0,0
RNCTGNYNRNCTGNY,0,0,0,0,0,0,1
RNF10,0,1,0,0,0,0,0
RNF111,0,1,0,0,0,0,0
RNF113A,0,1,0,0,0,0,0
RNF12,0,1,0,0,0,0,0
RNF126,0,1,0,0,0,0,0
RNF13,0,1,0,0,0,0,0
RNF138,0,1,0,0,0,0,0
RNF14,0,0,0,0,0,1,0
RNF141,0,1,0,0,0,0,0
RNF146,0,1,0,0,0,0,0
RNF150,0,1,0,0,0,0,0
RNF167,0,1,0,0,0,0,0
RNF169,0,1,0,0,0,0,0
RNF170,0,1,0,0,0,0,0
RNF19A,0,1,0,0,0,0,0
RNF20,0,1,0,0,0,0,0
RNF24,0,1,0,0,0,0,0
RNF32,0,1,0,0,0,0,0
RNF38,0,1,0,0,0,0,0
RNF40,0,1,0,0,0,0,0
RNF6,0,1,0,0,0,0,0
RNF7,0,1,0,0,0,0,0
RNF8,0,1,0,0,0,0,0
RNGTGGGC,0,0,0,0,0,0,1
RNGTT,0,1,0,0,0,0,0
RNPC3,0,1,0,0,0,0,0
RNPEP,0,1,0,0,0,0,0
RNPS1,0,1,0,0,0,0,0
RNTCANNRNNYNATTW,0,0,0,0,0,0,1
RO,0,0,0,0,0,0,1
ROD1,0,1,0,0,0,0,0
RORA,0,1,1,1,0,1,1
RORA(VAR.2),0,0,0,0,0,0,1
RORB,0,0,0,1,0,0,0
RORC,0,1,0,0,0,1,0
ROX1,0,0,0,0,0,0,1
RPA1,0,1,0,0,0,0,0
RPA3,0,1,0,0,0,0,0
RPAP3,0,1,0,0,0,0,0
RPC155,1,0,0,0,0,0,0
RPH1,0,0,0,0,0,0,1
RPL23A,0,1,0,0,0,0,0
RPL26L1,0,1,0,0,0,0,0
RPL8,0,1,0,0,0,0,0
RPN4,0,0,0,0,0,0,1
RPS11,0,1,0,0,0,0,0
RPS23,0,1,0,0,0,0,0
RPS24,0,1,0,0,0,0,0
RPS28,0,1,0,0,0,0,0
RPS3,0,1,0,0,0,0,0
RPS4X,0,1,0,0,0,0,0
RPS4Y1,0,1,0,0,0,0,0
RRAGTTGT,0,0,0,0,0,0,1
RRCCGTTA,0,0,0,0,0,0,1
RREB1,0,0,1,1,0,1,1
RRP12,0,1,0,0,0,0,0
RRP9,0,1,0,0,0,0,0
RSC3,0,0,0,0,0,0,1
RSC30,0,0,0,0,0,0,1
RSF1,0,1,0,0,0,0,0
RTAAACA,0,0,0,0,0,0,1
RTEL1,0,1,0,0,0,0,0
RTG3,0,0,0,0,0,0,1
RTKN,0,1,0,0,0,0,0
RTTTNNNYTGGM,0,0,0,0,0,0,1
RUFY2,0,1,0,0,0,0,0
RUNX,0,0,1,0,0,0,0
RUNX1,0,0,1,1,0,1,1
RUNX1T1,0,0,0,0,0,1,0
RUNX2,0,1,1,1,0,1,1
RUNX3,1,1,1,1,0,1,1
RUVBL1,0,1,0,0,0,1,0
RUVBL2,0,1,0,0,0,0,0
RX,0,0,0,0,0,0,1
RXRA,1,0,1,1,0,1,1
RXRA::VDR,0,0,0,0,0,0,1
RXRA_1,0,0,0,0,0,0,1
RXRA_2,0,0,0,0,0,0,1
RXRB,0,1,1,1,0,0,1
RXRG,0,0,1,1,0,0,1
RYAAAKNNNNNNTTGW,0,0,0,0,0,0,1
RYCACNNRNNRNCAG,0,0,0,0,0,0,1
RYTAAWNNNTGAY,0,0,0,0,0,0,1
RYTGCNNRGNAAC,0,0,0,0,0,0,1
RYTGCNWTGGNR,0,0,0,0,0,0,1
RYTTCCTG,0,0,0,0,0,0,1
SAFB,0,1,0,0,0,0,0
SALL2,0,1,0,0,0,0,0
SALL3,0,0,0,0,0,1,0
SALL4,0,1,0,0,0,1,0
SAMD4A,0,1,0,0,0,0,0
SAMD4B,0,1,0,0,0,0,0
SAMD8,0,1,0,0,0,0,0
SAMD9,0,1,0,0,0,0,0
SAMD9L,0,1,0,0,0,0,0
SAMHD1,0,1,0,0,0,0,0
SAMSN1,0,1,0,0,0,0,0
SAP30,1,0,0,0,0,0,0
SARDH,0,1,0,0,0,0,0
SART3,0,1,0,0,0,0,0
SASH1,0,1,0,0,0,0,0
SATB1,0,1,0,1,0,1,0
SATB2,0,1,0,0,0,1,0
SATL1,0,1,0,0,0,0,0
SAV1,0,1,0,0,0,0,0
SBF2,0,1,0,0,0,0,0
SCAND1,0,0,0,0,0,1,0
SCAPER,0,1,0,0,0,0,0
SCGGAAGY,0,0,0,0,0,0,1
SCHLANK,0,0,0,0,0,0,1
SCMH1,0,1,0,0,0,0,0
SCR,0,0,0,0,0,0,1
SCRT1,0,0,1,0,0,0,1
SCRT2,0,0,1,0,0,0,1
SCT,0,1,0,0,0,0,0
SCYE1,0,1,0,0,0,0,0
SD,0,0,0,0,0,0,1
SEC14L2,0,0,0,0,0,1,0
SEC23IP,0,1,0,0,0,0,0
SEC31B,0,1,0,0,0,0,0
SEF1,0,0,1,0,0,0,0
SEH1L,0,1,0,0,0,0,0
SEP1,0,0,0,0,0,0,1
SEP3,0,0,0,0,0,0,1
SERTAD1,0,0,0,0,0,1,0
SETBP1,0,1,0,0,0,1,0
SETDB1,1,0,0,0,0,0,0
SETDB2,0,1,0,0,0,0,0
SF1,0,1,0,0,0,1,0
SF3A2,0,1,0,0,0,0,0
SF3A3,0,1,0,0,0,0,0
SF3B1,0,1,0,0,0,0,0
SF3B2,0,1,0,0,0,0,0
SF3B3,0,1,0,0,0,0,0
SF3B4,0,1,0,0,0,0,0
SFL1,0,0,0,0,0,0,1
SFMBT2,0,1,0,0,0,0,0
SFP1,0,0,0,0,0,0,1
SFPI1_1,0,0,0,0,0,0,1
SFPI1_2,0,0,0,0,0,0,1
SFPQ,0,1,0,0,0,1,0
SFRS1,0,1,0,0,0,0,0
SFRS10,0,1,0,0,0,0,0
SFRS11,0,1,0,0,0,0,0
SFRS12,0,1,0,0,0,0,0
SFRS15,0,1,0,0,0,0,0
SFRS2,0,1,0,0,0,0,0
SFRS3,0,1,0,0,0,0,0
SFRS4,0,1,0,0,0,0,0
SFRS5,0,1,0,0,0,0,0
SFRS7,0,1,0,0,0,0,0
SFRS9,0,1,0,0,0,0,0
SGCGSSAAA,0,0,0,0,0,0,1
SGTB,0,1,0,0,0,0,0
SH3GLB1,0,1,0,0,0,0,0
SH3GLB2,0,1,0,0,0,0,0
SHBG,0,1,0,0,0,0,0
SHC1,0,1,0,0,0,0,0
SHC3,0,1,0,0,0,0,0
SHKBP1,0,1,0,0,0,0,0
SHOX,0,0,0,0,0,1,1
SHOX2,0,0,1,1,0,0,1
SHPRH,0,1,0,0,0,0,0
SIM2,0,0,0,0,0,1,0
SIN3A,1,0,0,0,0,1,0
SIN3AK20,1,0,0,0,0,0,0
SIN3B,0,1,0,0,0,0,0
SIP4,0,0,0,0,0,0,1
SIRT1,0,0,0,0,0,1,0
SIRT2,0,0,0,0,0,1,0
SIRT6,1,0,0,1,0,0,0
SIVA1,0,1,0,0,0,0,0
SIX1,0,1,1,1,0,1,1
SIX2,0,0,1,1,0,0,1
SIX3,0,0,1,1,0,0,1
SIX4,0,0,1,1,0,0,1
SIX5,1,1,0,0,0,0,0
SIX6,0,0,1,1,0,0,0
SIX6_1,0,0,0,0,0,0,1
SIX6_2,0,0,0,0,0,0,1
SKAP2,0,1,0,0,0,0,0
SKI,0,1,0,0,0,1,0
SKIL,0,1,0,0,0,1,0
SKIV2L,0,1,0,0,0,0,0
SKIV2L2,0,1,0,0,0,0,0
SKN-1,0,0,0,0,0,0,1
SKN7,0,0,0,0,0,0,1
SKO1,0,0,0,0,0,0,1
SLA2,0,0,0,0,0,1,0
SLBO,0,0,0,0,0,0,1
SLC2A4RG,0,1,0,0,0,1,0
SLC35E2,0,1,0,0,0,0,0
SLC4A1AP,0,1,0,0,0,0,0
SLMAP,0,1,0,0,0,0,0
SLOU,0,0,0,0,0,0,1
SLP1,0,0,0,0,0,0,1
SLTM,0,1,0,0,0,0,0
SMA-4,0,0,0,0,0,0,1
SMAD,0,0,1,0,0,0,0
SMAD1,0,0,0,1,1,1,0
SMAD2,0,0,0,1,1,1,0
SMAD2::SMAD3::SMAD4,0,0,0,0,0,0,1
SMAD3,0,0,1,1,1,1,1
SMAD3_1,0,0,0,0,0,0,1
SMAD3_2,0,0,0,0,0,0,1
SMAD4,0,0,1,1,1,1,0
SMAD5,0,1,0,1,0,0,0
SMAD6,0,0,0,1,1,0,0
SMAD7,0,0,0,1,1,1,0
SMAD9,0,0,0,1,0,0,0
SMARCA1,0,0,0,0,0,1,0
SMARCA2,0,1,0,0,0,0,0
SMARCA4,1,1,0,0,0,1,0
SMARCA5,0,1,0,0,0,0,0
SMARCB1,1,0,0,0,0,1,0
SMARCC1,1,1,0,0,0,0,0
SMARCC2,1,0,0,0,0,0,0
SMARCD1,0,1,0,0,0,0,0
SMARCD2,0,1,0,0,0,0,0
SMARCD3,0,1,0,0,0,0,0
SMARCE1,0,1,0,0,0,0,0
SMC3,1,0,0,0,0,0,0
SMG7,0,1,0,0,0,0,0
SMP1,0,0,0,0,0,0,1
SMTTTTGT,0,0,0,0,0,0,1
SMU1,0,1,0,0,0,0,0
SMURF2,0,0,0,0,0,1,0
SMZ,0,0,0,0,0,0,1
SNA,0,0,0,0,0,0,1
SNACANNNYSYAGA,0,0,0,0,0,0,1
SNAI1,0,0,0,0,0,1,0
SNAI2,0,0,1,0,0,1,1
SNAPC4,0,1,0,0,0,0,0
SND1,0,0,0,0,0,1,0
SNIP1,0,0,0,0,0,1,0
SNPC-4,0,0,0,0,0,0,1
SNRP70,0,1,0,0,0,0,0
SNRPA,0,1,0,0,0,0,0
SNRPB2,0,1,0,0,0,0,0
SNT2,0,0,0,0,0,0,1
SNTA1,0,1,0,0,0,0,0
SNTB1,0,1,0,0,0,0,0
SNTG1,0,1,0,0,0,0,0
SNW1,0,0,0,0,0,1,0
SNX27,0,1,0,0,0,0,0
SO,0,0,0,0,0,0,1
SOC1,0,0,0,0,0,0,1
SOK2,0,0,0,0,0,0,1
SOS1,0,1,0,0,0,0,0
SOS2,0,1,0,0,0,0,0
SOX,0,0,1,0,0,0,0
SOX1,0,1,1,0,0,0,1
SOX10,0,0,1,1,0,1,1
SOX11,0,0,1,1,0,1,1
SOX11_1,0,0,0,0,0,0,1
SOX11_2,0,0,0,0,0,0,1
SOX12,0,0,1,1,0,0,0
SOX12_1,0,0,0,0,0,0,1
SOX12_2,0,0,0,0,0,0,1
SOX13,0,0,1,1,0,0,0
SOX13_1,0,0,0,0,0,0,1
SOX13_2,0,0,0,0,0,0,1
SOX14,0,0,1,1,0,0,0
SOX14_1,0,0,0,0,0,0,1
SOX14_2,0,0,0,0,0,0,1
SOX15,0,1,1,1,0,0,0
SOX15_1,0,0,0,0,0,0,1
SOX15_2,0,0,0,0,0,0,1
SOX17,0,0,1,1,0,1,1
SOX17_1,0,0,0,0,0,0,1
SOX17_2,0,0,0,0,0,0,1
SOX18,0,0,1,1,0,0,0
SOX18_1,0,0,0,0,0,0,1
SOX18_2,0,0,0,0,0,0,1
SOX1_1,0,0,0,0,0,0,1
SOX1_2,0,0,0,0,0,0,1
SOX2,0,1,1,1,0,1,1
SOX21,0,0,1,1,0,0,1
SOX21_1,0,0,0,0,0,0,1
SOX21_2,0,0,0,0,0,0,1
SOX3,0,0,1,1,0,1,1
SOX30,0,0,1,0,0,0,0
SOX30_1,0,0,0,0,0,0,1
SOX30_2,0,0,0,0,0,0,1
SOX4,0,1,1,1,0,1,1
SOX4_1,0,0,0,0,0,0,1
SOX4_2,0,0,0,0,0,0,1
SOX5,0,0,1,1,0,1,1
SOX5_1,0,0,0,0,0,0,1
SOX5_2,0,0,0,0,0,0,1
SOX6,0,0,0,1,0,1,1
SOX7,0,1,1,0,0,0,0
SOX7_1,0,0,0,0,0,0,1
SOX7_2,0,0,0,0,0,0,1
SOX8,0,0,1,1,0,0,1
SOX8_1,0,0,0,0,0,0,1
SOX8_2,0,0,0,0,0,0,1
SOX9,0,1,1,1,0,1,1
SP1,1,1,1,1,1,1,1
SP100,0,1,1,0,0,1,0
SP100_1,0,0,0,0,0,0,1
SP100_2,0,0,0,0,0,0,1
SP110,0,1,0,0,0,0,0
SP2,1,1,0,1,1,1,1
SP3,0,1,1,1,1,1,1
SP4,1,1,1,1,1,1,1
SP4_1,0,0,0,0,0,0,1
SP4_2,0,0,0,0,0,0,1
SP7,0,0,0,0,0,1,0
SP8,0,0,1,0,0,0,1
SPAG7,0,1,0,0,0,0,0
SPAG9,0,1,0,0,0,0,0
SPATA13,0,1,0,0,0,0,0
SPATA20,0,1,0,0,0,0,0
SPDEF,0,1,1,0,0,1,1
SPDEF_1,0,0,0,0,0,0,1
SPDEF_2,0,0,0,0,0,0,1
SPEN,0,1,0,0,0,1,0
SPG7,0,1,0,0,0,0,0
SPI1,1,1,1,1,1,1,1
SPIB,0,0,1,1,0,1,1
SPIC,0,0,1,0,0,1,1
SPL1,0,0,0,0,0,0,1
SPL11,0,0,0,0,0,0,1
SPL12,0,0,0,0,0,0,1
SPL14,0,0,0,0,0,0,1
SPL3,0,0,0,0,0,0,1
SPL4,0,0,0,0,0,0,1
SPL5,0,0,0,0,0,0,1
SPL7,0,0,0,0,0,0,1
SPL8,0,0,0,0,0,0,1
SPRED1,0,1,0,0,0,0,0
SPT,0,0,0,0,0,0,1
SPT15,0,0,0,0,0,0,1
SPT2,0,0,0,0,0,0,1
SPT23,0,0,0,0,0,0,1
SPTBN1,0,1,0,0,0,0,0
SPTBN4,0,1,0,0,0,0,0
SPZ1,0,0,1,1,0,0,1
SQUAMOSA,0,0,0,0,0,0,1
SRBD1,0,1,0,0,0,0,0
SRCAP,0,1,0,0,0,1,0
SRD1,0,0,0,0,0,0,1
SREBF,0,0,1,0,0,0,0
SREBF1,0,0,1,1,0,1,1
SREBF1(VAR.2),0,0,0,0,0,0,1
SREBF2,0,1,1,1,0,1,1
SREBF2(VAR.2),0,0,0,0,0,0,1
SREBP1,1,0,0,0,0,0,0
SRF,1,1,1,1,0,1,1
SRF_1,0,0,0,0,0,0,1
SRF_2,0,0,0,0,0,0,1
SRP72,0,1,0,0,0,0,0
SRSF1,0,0,0,0,0,1,0
SRY,0,0,1,0,0,1,1
SRY_1,0,0,0,0,0,0,1
SRY_2,0,0,0,0,0,0,1
SS18L1,0,1,0,0,0,0,0
SSB,0,1,0,0,0,1,0
SSBP1,0,1,0,0,0,0,0
SSBP2,0,1,0,0,0,0,0
SSBP3,0,1,0,0,0,0,0
SSBP4,0,1,0,0,0,0,0
SSRP1,0,1,0,0,0,0,0
SSX2,0,0,0,0,0,1,0
ST18,0,1,0,0,0,0,0
STAP2,0,1,0,0,0,0,0
STAT,0,0,1,0,0,0,0
STAT1,1,1,1,1,1,1,1
STAT1::STAT2,0,0,0,0,0,0,1
STAT2,1,1,0,1,1,1,0
STAT3,1,1,1,1,1,1,1
STAT4,0,0,0,1,1,1,1
STAT5A,1,1,1,1,1,1,0
STAT5A::STAT5B,0,0,0,0,0,0,1
STAT5B,0,0,0,1,1,1,0
STAT6,0,1,1,1,1,1,1
STAT92E,0,0,0,0,0,0,1
STAU1,0,1,0,0,0,0,0
STAU2,0,1,0,0,0,0,0
STB3,0,0,0,0,0,0,1
STB4,0,0,0,0,0,0,1
STB5,0,0,0,0,0,0,1
STE12,0,0,0,0,0,0,1
STIP1,0,1,0,0,0,0,0
STP1,0,0,0,0,0,0,1
STP2,0,0,0,0,0,0,1
STP3,0,0,0,0,0,0,1
STP4,0,0,0,0,0,0,1
STRAP,0,1,0,0,0,0,0
STRBP,0,1,0,0,0,0,0
STRN,0,1,0,0,0,0,0
STRN3,0,1,0,0,0,0,0
STRN4,0,1,0,0,0,0,0
STTTCRNTTT,0,0,0,0,0,0,1
STUB1,0,1,0,0,0,0,0
SU(H),0,0,0,0,0,0,1
SU(HW),0,0,0,0,0,0,1
SUGP1,0,0,0,0,0,1,0
SUGT1,0,1,0,0,0,0,0
SUM1,0,0,0,0,0,0,1
SUPT16H,0,1,0,0,0,0,0
SUPT3H,0,0,0,0,0,1,0
SUT1,0,0,0,0,0,0,1
SUT2,0,0,0,0,0,0,1
SUZ12,1,1,0,0,0,0,0
SVP,0,0,0,0,0,0,1
SWI4,0,0,0,0,0,0,1
SWI5,0,0,0,0,0,0,1
SYAP1,0,1,0,0,0,0,0
SYATTGTG,0,0,0,0,0,0,1
SYMPK,0,1,0,0,0,0,0
SYNCRIP,0,1,0,0,0,0,0
SYNJ1,0,1,0,0,0,0,0
SYNJ2,0,1,0,0,0,0,0
T,0,0,1,1,0,0,1
T11I18.17,0,0,0,0,0,0,1
TAANNYSGCG,0,0,0,0,0,0,1
TAATTA,0,0,0,0,0,0,1
TAAWWATAG,0,0,0,0,0,0,1
TAAYNRNNTCC,0,0,0,0,0,0,1
TACSTD1,0,1,0,0,0,0,0
TACSTD2,0,1,0,0,0,0,0
TAF1,1,1,0,0,0,1,0
TAF11,0,1,0,0,0,0,0
TAF12,0,0,0,0,0,1,0
TAF13,0,1,0,0,0,0,0
TAF15,0,1,0,0,0,0,0
TAF2,0,1,0,0,0,0,0
TAF4,0,1,0,0,0,1,0
TAF4B,0,1,0,0,0,0,0
TAF5,0,1,0,0,0,1,0
TAF5L,0,1,0,0,0,0,0
TAF6,0,1,0,0,0,0,0
TAF6L,0,1,0,0,0,0,0
TAF7,1,0,0,0,0,0,0
TAF9,0,1,0,0,0,0,0
TAF9B,0,1,0,0,0,0,0
TAL1,1,0,1,1,1,1,0
TAL1::GATA1,0,0,0,0,0,0,1
TAL1::TCF3,0,0,0,0,0,0,1
TAL2,0,1,0,1,0,0,0
TANK,0,1,0,0,0,0,0
TARBP2,0,1,0,0,0,0,0
TARDBP,0,1,0,0,0,0,0
TATA-BOX,0,0,0,0,0,0,1
TATAAA,0,0,0,0,0,0,1
TAZ,0,1,0,0,0,0,0
TBC1D1,0,1,0,0,0,0,0
TBCD,0,1,0,0,0,0,0
TBF1,0,0,0,0,0,0,1
TBL1X,0,0,0,0,0,1,0
TBL1XR1,1,1,0,0,0,0,0
TBL3,0,1,0,0,0,0,0
TBP,1,0,1,1,0,1,1
TBPL1,0,0,0,0,0,1,0
TBP_1,0,0,0,0,0,0,1
TBP_2,0,0,0,0,0,0,1
TBR1,0,1,1,0,0,1,1
TBRG1,0,1,0,0,0,0,0
TBS1,0,0,0,0,0,0,1
TBX1,0,0,1,0,0,0,1
TBX10,0,1,0,0,0,0,0
TBX15,0,0,1,1,0,0,1
TBX18,0,0,0,1,0,0,0
TBX19,0,0,1,0,0,0,1
TBX2,0,1,1,0,0,1,1
TBX20,0,0,1,0,0,1,1
TBX21,0,0,1,0,0,1,1
TBX22,0,0,0,1,0,0,0
TBX3,0,1,0,0,0,1,0
TBX4,0,0,1,0,0,0,1
TBX5,0,0,1,1,0,1,1
TBX6,0,1,0,0,0,0,0
TCANNTGAY,0,0,0,0,0,0,1
TCCATTKW,0,0,0,0,0,0,1
TCCCRNNRTGC,0,0,0,0,0,0,1
TCEA1,0,1,0,0,0,0,0
TCEA2,0,1,0,0,0,0,0
TCEA3,0,1,0,0,0,0,0
TCEAL1,0,0,0,0,0,1,0
TCEB3,0,1,0,0,0,0,0
TCERG1,0,1,0,0,0,0,0
TCF1,0,0,0,0,0,0,1
TCF12,1,1,1,1,0,1,1
TCF15,0,1,0,0,0,0,0
TCF19,0,1,0,0,0,1,0
TCF1_1,0,0,0,0,0,0,1
TCF1_2,0,0,0,0,0,0,1
TCF20,0,1,0,0,0,0,0
TCF21,0,0,1,0,0,1,1
TCF3,1,1,1,1,0,1,1
TCF3_1,0,0,0,0,0,0,1
TCF3_2,0,0,0,0,0,0,1
TCF4,0,1,1,1,0,1,1
TCF7,0,1,1,1,0,1,1
TCF7L1,0,0,1,0,0,0,0
TCF7L2,1,1,1,0,0,1,1
TCF7L2_1,0,0,0,0,0,0,1
TCF7L2_2,0,0,0,0,0,0,1
TCF7_1,0,0,0,0,0,0,1
TCF7_2,0,0,0,0,0,0,1
TCFAP2A_1,0,0,0,0,0,0,1
TCFAP2A_2,0,0,0,0,0,0,1
TCFAP2B_1,0,0,0,0,0,0,1
TCFAP2B_2,0,0,0,0,0,0,1
TCFAP2C_1,0,0,0,0,0,0,1
TCFAP2C_2,0,0,0,0,0,0,1
TCFAP2E_1,0,0,0,0,0,0,1
TCFAP2E_2,0,0,0,0,0,0,1
TCFCP2L1,0,0,0,0,0,0,1
TCFE2A_1,0,0,0,0,0,0,1
TCFE2A_2,0,0,0,0,0,0,1
TCFL5,0,0,0,0,0,1,1
TCOF1,0,1,0,0,0,0,0
TCP15,0,0,0,0,0,0,1
TCP16,0,0,0,0,0,0,1
TCP19,0,0,0,0,0,0,1
TCP2,0,0,0,0,0,0,1
TCP20,0,0,0,0,0,0,1
TCP23,0,0,0,0,0,0,1
TCP4,0,0,0,0,0,0,1
TCP5,0,0,0,0,0,0,1
TCTN2,0,1,0,0,0,0,0
TDA9,0,0,0,0,0,0,1
TDRKH,0,1,0,0,0,0,0
TEA1,0,0,0,0,0,0,1
TEAD1,0,0,1,0,0,1,1
TEAD3,0,0,1,0,0,0,1
TEAD4,1,0,1,0,0,1,1
TEC1,0,0,0,0,0,0,1
TEF,0,0,1,1,0,1,1
TERF1,0,0,0,1,0,0,0
TERF2,0,1,0,0,0,0,0
TEX10,0,1,0,0,0,0,0
TFAM,0,1,0,0,0,0,0
TFAP2,0,0,1,0,0,0,0
TFAP2A,1,0,1,1,1,1,1
TFAP2A(VAR.2),0,0,0,0,0,0,1
TFAP2A(VAR.3),0,0,0,0,0,0,1
TFAP2B,0,0,1,1,1,1,1
TFAP2B(VAR.2),0,0,0,0,0,0,1
TFAP2B(VAR.3),0,0,0,0,0,0,1
TFAP2C,1,0,1,1,1,1,1
TFAP2C(VAR.2),0,0,0,0,0,0,1
TFAP2C(VAR.3),0,0,0,0,0,0,1
TFAP2E,0,0,1,0,0,0,0
TFAP4,0,0,1,1,0,1,1
TFCP2,0,1,1,1,0,1,1
TFCP2L1,0,1,1,1,0,1,0
TFDP1,0,1,0,1,0,1,0
TFDP2,0,0,0,1,0,0,0
TFDP3,0,1,0,0,0,1,0
TFE,0,0,1,0,0,0,0
TFE3,0,1,1,1,0,0,1
TFEB,0,0,1,1,0,1,1
TFEC,0,0,1,1,0,0,1
TFF3,0,0,0,1,0,0,0
TGA1,0,0,0,0,0,0,1
TGA1A,0,0,0,0,0,0,1
TGA2,0,0,0,0,0,0,1
TGA5,0,0,0,0,0,0,1
TGA6,0,0,0,0,0,0,1
TGA7,0,0,0,0,0,0,1
TGACAGNY,0,0,0,0,0,0,1
TGACATY,0,0,0,0,0,0,1
TGACCTTG,0,0,0,0,0,0,1
TGACCTY,0,0,0,0,0,0,1
TGACGTCA,0,0,0,0,0,0,1
TGANNYRGCA,0,0,0,0,0,0,1
TGANTCA,0,0,0,0,0,0,1
TGASTMAGC,0,0,0,0,0,0,1
TGATTTRY,0,0,0,0,0,0,1
TGAYRTCA,0,0,0,0,0,0,1
TGCCAAR,0,0,0,0,0,0,1
TGCGCANK,0,0,0,0,0,0,1
TGCTGAY,0,0,0,0,0,0,1
TGFB1,0,1,0,0,0,0,0
TGFB1I1,0,1,0,0,0,0,0
TGGAAA,0,0,0,0,0,0,1
TGGNNNNNNKCCAR,0,0,0,0,0,0,1
TGIF1,0,1,1,1,0,1,1
TGIF2,0,1,1,1,0,0,1
TGIF2LX,0,0,1,0,0,0,0
TGTTTGY,0,0,0,0,0,0,1
TGTYNNNNNRGCARM,0,0,0,0,0,0,1
THAP1,1,0,0,0,0,0,1
THEX1,0,1,0,0,0,0,0
THI2,0,0,0,0,0,0,1
THOC3,0,1,0,0,0,0,0
THOC4,0,1,0,0,0,0,0
THOC6,0,1,0,0,0,0,0
THRA,0,1,1,1,0,1,0
THRB,0,1,1,1,0,1,0
TIA1,0,1,0,0,0,0,0
TIAL1,0,1,0,0,0,1,0
TIN,0,0,0,0,0,0,1
TLE2,0,1,0,0,0,0,0
TLE3,0,1,0,0,0,0,0
TLE6,0,1,0,0,0,0,0
TLL,0,0,0,0,0,0,1
TLX1,0,0,0,0,1,1,0
TLX2,0,0,1,1,0,0,1
TMCO7,0,1,0,0,0,0,0
TMEM118,0,1,0,0,0,0,0
TMEM67,0,1,0,0,0,0,0
TMEM68,0,1,0,0,0,0,0
TMTC2,0,1,0,0,0,0,0
TMTC3,0,1,0,0,0,0,0
TMTC4,0,1,0,0,0,0,0
TMTCGCGANR,0,0,0,0,0,0,1
TNCATNTCCYR,0,0,0,0,0,0,1
TNFAIP3,0,0,0,0,0,1,0
TNKS,0,1,0,0,0,0,0
TNKS2,0,1,0,0,0,0,0
TNPO1,0,1,0,0,0,0,0
TNPO2,0,1,0,0,0,0,0
TNRC4,0,1,0,0,0,0,0
TNRC6A,0,1,0,0,0,0,0
TNRC6B,0,1,0,0,0,0,0
TNS4,0,1,0,0,0,0,0
TOB1,0,0,0,0,0,1,0
TOD6,0,0,0,0,0,0,1
TOE1,0,1,0,0,0,0,0
TOMM34,0,1,0,0,0,0,0
TOMM70A,0,1,0,0,0,0,0
TOP3A,0,1,0,0,0,0,0
TOPBP1,0,1,0,0,0,0,0
TOPORS,0,0,1,1,0,0,0
TOS8,0,0,0,0,0,0,1
TOX3,0,1,0,0,0,0,0
TOX4,0,1,0,0,0,0,0
TP53,0,1,1,1,1,1,1
TP53BP1,0,1,0,0,0,1,0
TP63,0,1,1,1,0,1,1
TP73,0,0,1,1,1,1,1
TP73L,0,0,0,0,1,0,0
TPR,0,1,0,0,0,0,0
TRADD,0,1,0,0,0,0,0
TRAF2,0,1,0,0,0,0,0
TRAF4,0,1,0,0,0,0,0
TRAF7,0,1,0,0,0,0,0
TRAIP,0,1,0,0,0,0,0
TRB2,0,0,0,0,0,0,1
TRERF1,0,0,0,0,0,1,0
TREX1,0,1,0,0,0,0,0
TREX2,0,1,0,0,0,0,0
TRIB3,0,0,0,0,0,1,0
TRIM10,0,1,0,0,0,0,0
TRIM11,0,1,0,0,0,0,0
TRIM13,0,1,0,0,0,0,0
TRIM16,0,0,0,0,0,1,0
TRIM2,0,1,0,0,0,0,0
TRIM22,0,1,0,0,0,0,0
TRIM23,0,1,0,0,0,0,0
TRIM24,0,1,0,0,0,1,0
TRIM27,0,1,0,0,0,0,0
TRIM28,1,1,0,1,0,1,0
TRIM29,0,1,0,0,0,0,0
TRIM3,0,1,0,0,0,0,0
TRIM31,0,1,0,0,0,0,0
TRIM32,0,1,0,0,0,0,0
TRIM33,0,1,0,0,0,0,0
TRIM38,0,1,0,0,0,0,0
TRIM4,0,1,0,0,0,0,0
TRIM45,0,1,0,0,0,0,0
TRIM5,0,1,0,0,0,0,0
TRIM50,0,1,0,0,0,0,0
TRIM54,0,1,0,0,0,0,0
TRIM59,0,1,0,0,0,0,0
TRIM65,0,1,0,0,0,0,0
TRIM73,0,1,0,0,0,0,0
TRIM8,0,1,0,0,0,0,0
TRIOBP,0,1,0,0,0,0,0
TRL,0,0,0,0,0,0,1
TRMT1,0,1,0,0,0,0,0
TRP(MYB) CLASS,0,0,0,0,0,0,1
TRPC7,0,1,0,0,0,0,0
TRPS1,0,0,0,0,0,1,0
TRPV1,0,1,0,0,0,0,0
TRPV2,0,1,0,0,0,0,0
TRPV6,0,1,0,0,0,0,0
TRRAP,0,0,0,0,0,1,0
TSC22D1,0,0,0,0,0,1,0
TSC22D3,0,0,0,0,0,1,0
TSG101,0,0,0,0,0,1,0
TSHZ1,0,1,0,0,0,0,0
TSHZ2,0,1,0,0,0,0,0
TSSC1,0,1,0,0,0,0,0
TTANTCA,0,0,0,0,0,0,1
TTANWNANTGGM,0,0,0,0,0,0,1
TTAYRTAA,0,0,0,0,0,0,1
TTC1,0,1,0,0,0,0,0
TTC13,0,1,0,0,0,0,0
TTC14,0,1,0,0,0,0,0
TTC16,0,1,0,0,0,0,0
TTC23,0,1,0,0,0,0,0
TTC26,0,1,0,0,0,0,0
TTC27,0,1,0,0,0,0,0
TTC28,0,1,0,0,0,0,0
TTC3,0,1,0,0,0,0,0
TTC4,0,1,0,0,0,0,0
TTC7B,0,1,0,0,0,0,0
TTC8,0,1,0,0,0,0,0
TTC9B,0,1,0,0,0,0,0
TTCNRGNNNNTTC,0,0,0,0,0,0,1
TTCYNRGAA,0,0,0,0,0,0,1
TTCYRGAA,0,0,0,0,0,0,1
TTF1,0,1,0,0,0,0,0
TTF2,0,1,0,0,0,1,0
TTGCWCAAY,0,0,0,0,0,0,1
TTGTTT,0,0,0,0,0,0,1
TTK,0,0,0,0,0,0,1
TTTNNANAGCYR,0,0,0,0,0,0,1
TUP,0,0,0,0,0,0,1
TWI,0,0,0,0,0,0,1
TWIST1,0,0,0,0,0,1,0
TWIST2,0,0,0,0,0,1,1
TYE7,0,0,0,0,0,0,1
U2AF1,0,1,0,0,0,0,0
U2AF2,0,1,0,0,0,0,0
UACA,0,1,0,0,0,0,0
UBE4B,0,1,0,0,0,0,0
UBOX5,0,1,0,0,0,0,0
UBP1,0,0,0,1,0,1,0
UBTF,1,1,0,0,0,1,0
UBX,0,0,0,0,0,0,1
UGA3,0,0,0,0,0,0,1
UHRF1,0,1,0,0,0,1,0
UME6,0,0,0,0,0,0,1
UNC-4,0,0,0,0,0,0,1
UNC-62,0,0,0,0,0,0,1
UNC-86,0,0,0,0,0,0,1
UNC45A,0,1,0,0,0,0,0
UNCX,0,0,1,0,0,0,1
UNE10,0,0,0,0,0,0,1
UNPG,0,0,0,0,0,0,1
UPC2,0,0,0,0,0,0,1
UPF3B,0,1,0,0,0,0,0
URC2,0,0,0,0,0,0,1
URI1,0,0,0,0,0,1,0
USF,0,0,1,0,0,0,0
USF1,1,0,1,1,1,1,1
USF2,1,0,0,1,1,1,1
USH1G,0,1,0,0,0,0,0
USO1,0,1,0,0,0,0,0
USP,0,0,0,0,0,0,1
USP39,0,1,0,0,0,0,0
USV1,0,0,0,0,0,0,1
UTF1,0,0,0,0,0,1,0
UTP15,0,1,0,0,0,0,0
UTP18,0,1,0,0,0,0,0
UTP20,0,1,0,0,0,0,0
UTP6,0,1,0,0,0,0,0
UTRN,0,1,0,0,0,0,0
UTX,0,1,0,0,0,0,0
UTY,0,1,0,0,0,0,0
VAB-7,0,0,0,0,0,0,1
VAC14,0,1,0,0,0,0,0
VARS,0,1,0,0,0,0,0
VAX1,0,0,1,1,0,0,1
VAX2,0,0,1,1,0,0,1
VBP1,0,1,0,0,0,0,0
VDR,0,0,1,1,0,1,1
VENTX,0,0,1,0,0,0,1
VEZF1,0,0,0,0,0,1,0
VHL,0,0,0,0,0,1,0
VIS,0,0,0,0,0,0,1
VND,0,0,0,0,0,0,1
VPRBP,0,1,0,0,0,0,0
VPS8,0,1,0,0,0,0,0
VSX1,0,1,1,1,0,0,1
VSX2,0,0,1,1,0,0,1
VVL,0,0,0,0,0,0,1
VWF,0,1,0,0,0,0,0
WASL,0,1,0,0,0,0,0
WCAANNNYCAG,0,0,0,0,0,0,1
WCTCNATGGY,0,0,0,0,0,0,1
WDFY1,0,1,0,0,0,0,0
WDFY3,0,1,0,0,0,0,0
WDHD1,0,1,0,0,0,0,0
WDR1,0,1,0,0,0,0,0
WDR12,0,1,0,0,0,0,0
WDR13,0,1,0,0,0,0,0
WDR17,0,1,0,0,0,0,0
WDR18,0,1,0,0,0,0,0
WDR21A,0,1,0,0,0,0,0
WDR22,0,1,0,0,0,0,0
WDR23,0,1,0,0,0,0,0
WDR3,0,1,0,0,0,0,0
WDR31,0,1,0,0,0,0,0
WDR33,0,1,0,0,0,0,0
WDR34,0,1,0,0,0,0,0
WDR36,0,1,0,0,0,0,0
WDR4,0,1,0,0,0,0,0
WDR41,0,1,0,0,0,0,0
WDR42A,0,1,0,0,0,0,0
WDR43,0,1,0,0,0,0,0
WDR45,0,1,0,0,0,0,0
WDR45L,0,1,0,0,0,0,0
WDR46,0,1,0,0,0,0,0
WDR47,0,1,0,0,0,0,0
WDR48,0,1,0,0,0,0,0
WDR5,0,1,0,0,0,0,0
WDR51A,0,1,0,0,0,0,0
WDR53,0,1,0,0,0,0,0
WDR54,0,1,0,0,0,0,0
WDR57,0,1,0,0,0,0,0
WDR59,0,1,0,0,0,0,0
WDR6,0,1,0,0,0,0,0
WDR60,0,1,0,0,0,0,0
WDR61,0,1,0,0,0,0,0
WDR67,0,1,0,0,0,0,0
WDR68,0,1,0,0,0,0,0
WDR7,0,1,0,0,0,0,0
WDR70,0,1,0,0,0,0,0
WDR74,0,1,0,0,0,0,0
WDR75,0,1,0,0,0,0,0
WDR76,0,1,0,0,0,0,0
WDR77,0,1,0,0,0,0,0
WDR79,0,1,0,0,0,0,0
WDR8,0,1,0,0,0,0,0
WDR85,0,1,0,0,0,0,0
WDR88,0,1,0,0,0,0,0
WDR89,0,1,0,0,0,0,0
WDSOF1,0,1,0,0,0,0,0
WDSUB1,0,1,0,0,0,0,0
WDTC1,0,1,0,0,0,0,0
WGGAATGY,0,0,0,0,0,0,1
WGTTNNNNNAAA,0,0,0,0,0,0,1
WHSC1,0,1,0,0,0,1,0
WHSC1L1,0,1,0,0,0,0,0
WIPI2,0,1,0,0,0,0,0
WIZ,0,1,0,0,0,0,0
WRKY12,0,0,0,0,0,0,1
WRKY15,0,0,0,0,0,0,1
WRKY18,0,0,0,0,0,0,1
WRKY2,0,0,0,0,0,0,1
WRKY21,0,0,0,0,0,0,1
WRKY23,0,0,0,0,0,0,1
WRKY25,0,0,0,0,0,0,1
WRKY30,0,0,0,0,0,0,1
WRKY38,0,0,0,0,0,0,1
WRKY40,0,0,0,0,0,0,1
WRKY43,0,0,0,0,0,0,1
WRKY45,0,0,0,0,0,0,1
WRKY48,0,0,0,0,0,0,1
WRKY57,0,0,0,0,0,0,1
WRKY60,0,0,0,0,0,0,1
WRKY62,0,0,0,0,0,0,1
WRKY63,0,0,0,0,0,0,1
WRKY75,0,0,0,0,0,0,1
WRKY8,0,0,0,0,0,0,1
WRN,0,1,0,0,0,0,0
WRNIP1,1,0,0,0,0,0,0
WSB1,0,1,0,0,0,0,0
WT1,0,0,1,1,1,1,0
WTGAAAT,0,0,0,0,0,0,1
WTTGKCTG,0,0,0,0,0,0,1
WWOX,0,1,0,0,0,0,0
WWP1,0,0,0,0,0,1,0
WWTAAGGC,0,0,0,0,0,0,1
WWTR1,0,1,0,0,0,1,0
WYAAANNRNNNGCG,0,0,0,0,0,0,1
XAB2,0,1,0,0,0,0,0
XBP1,0,0,1,1,0,1,1
XCPE1,0,0,0,0,0,0,1
XDH,0,1,0,0,0,0,0
XPC,0,0,0,0,0,1,0
XPNPEP1,0,1,0,0,0,0,0
XPNPEP3,0,1,0,0,0,0,0
XPO1,0,1,0,0,0,0,0
XRCC5,0,1,0,0,0,1,0
XRCC6,0,1,0,0,0,1,0
XRN2,0,1,0,0,0,0,0
YAATNANRNNNCAG,0,0,0,0,0,0,1
YAATNRNNNYNATT,0,0,0,0,0,0,1
YAP1,0,0,0,0,0,0,1
YAP3,0,0,0,0,0,0,1
YAP5,0,0,0,0,0,0,1
YAP6,0,0,0,0,0,0,1
YAP7,0,0,0,0,0,0,1
YARS,0,1,0,0,0,0,0
YATGNWAAT,0,0,0,0,0,0,1
YATTNATC,0,0,0,0,0,0,1
YBX1,0,1,0,0,0,1,0
YCATTAA,0,0,0,0,0,0,1
YER130C,0,0,0,0,0,0,1
YER184C,0,0,0,0,0,0,1
YGACNNYACAR,0,0,0,0,0,0,1
YGCANTGCR,0,0,0,0,0,0,1
YGCGYRCGC,0,0,0,0,0,0,1
YGR067C,0,0,0,0,0,0,1
YGTCCTTGR,0,0,0,0,0,0,1
YHP1,0,0,0,0,0,0,1
YKACATTT,0,0,0,0,0,0,1
YKL222C,0,0,0,0,0,0,1
YLL054C,0,0,0,0,0,0,1
YLR278C,0,0,0,0,0,0,1
YNGTTNNNATT,0,0,0,0,0,0,1
YNR063W,0,0,0,0,0,0,1
YNTTTNNNANGCARM,0,0,0,0,0,0,1
YOD1,0,1,0,0,0,0,0
YOX1,0,0,0,0,0,0,1
YPR013C,0,0,0,0,0,0,1
YPR015C,0,0,0,0,0,0,1
YPR022C,0,0,0,0,0,0,1
YPR196W,0,0,0,0,0,0,1
YRCCAKNNGNCGC,0,0,0,0,0,0,1
YRM1,0,0,0,0,0,0,1
YRR1,0,0,0,0,0,0,1
YRTCANNRCGC,0,0,0,0,0,0,1
YTAATTAA,0,0,0,0,0,0,1
YTAAYNGCT,0,0,0,0,0,0,1
YTATTTTNR,0,0,0,0,0,0,1
YTCCCRNNAGGY,0,0,0,0,0,0,1
YTHDC1,0,1,0,0,0,0,0
YTTCCNNNGGAMR,0,0,0,0,0,0,1
YWATTWNNRGCT,0,0,0,0,0,0,1
YY1,1,1,1,1,0,1,1
YY2,0,0,1,0,0,0,1
YYCATTCAWW,0,0,0,0,0,0,1
Z,0,0,0,0,0,0,1
ZAP1,0,0,0,0,0,0,1
ZBED1,0,1,1,0,0,0,1
ZBED4,0,1,0,0,0,0,0
ZBP1,0,1,0,0,0,0,0
ZBTB1,0,1,0,0,0,0,0
ZBTB12,0,0,1,0,0,0,0
ZBTB12_1,0,0,0,0,0,0,1
ZBTB12_2,0,0,0,0,0,0,1
ZBTB14,0,0,1,0,0,1,0
ZBTB16,0,1,1,1,0,1,0
ZBTB17,0,0,0,0,0,1,0
ZBTB18,0,0,1,0,0,0,1
ZBTB2,0,0,0,0,0,1,0
ZBTB20,0,1,0,0,0,0,0
ZBTB24,0,1,0,0,0,0,0
ZBTB3,0,1,0,0,0,0,0
ZBTB32,0,1,0,0,0,0,0
ZBTB33,1,1,1,1,0,0,1
ZBTB34,0,1,0,0,0,0,0
ZBTB38,0,1,0,0,0,0,0
ZBTB3_1,0,0,0,0,0,0,1
ZBTB3_2,0,0,0,0,0,0,1
ZBTB4,0,1,0,0,0,0,0
ZBTB43,0,1,0,0,0,0,0
ZBTB44,0,1,0,0,0,0,0
ZBTB45,0,1,0,0,0,0,0
ZBTB46,0,1,0,0,0,0,0
ZBTB47,0,1,0,0,0,0,0
ZBTB49,0,0,1,0,0,0,0
ZBTB5,0,0,0,0,0,1,0
ZBTB6,0,1,1,1,0,0,0
ZBTB7A,1,0,1,1,0,1,1
ZBTB7B,0,1,1,1,0,0,1
ZBTB7B_1,0,0,0,0,0,0,1
ZBTB7B_2,0,0,0,0,0,0,1
ZBTB7C,0,0,1,0,0,0,1
ZBTB9,0,1,0,0,0,0,0
ZC3H11A,0,1,0,0,0,0,0
ZC3H6,0,1,0,0,0,0,0
ZC3H7A,0,1,0,0,0,0,0
ZC3H7B,0,1,0,0,0,0,0
ZC3H8,0,1,0,0,0,0,0
ZC3HAV1,0,1,0,0,0,0,0
ZCCHC10,0,1,0,0,0,0,0
ZCCHC11,0,1,0,0,0,0,0
ZCCHC14,0,1,0,0,0,0,0
ZCCHC6,0,1,0,0,0,0,0
ZCCHC7,0,1,0,0,0,0,0
ZDHHC13,0,1,0,0,0,0,0
ZDHHC17,0,1,0,0,0,0,0
ZEB1,1,0,1,1,0,1,1
ZEB2,0,1,0,0,0,1,0
ZEN,0,0,0,0,0,0,1
ZEN2,0,0,0,0,0,0,1
ZFH-2,0,0,0,0,0,0,1
ZFHX3,0,1,0,0,0,1,0
ZFP105_1,0,0,0,0,0,0,1
ZFP105_2,0,0,0,0,0,0,1
ZFP106,0,1,0,0,0,0,0
ZFP128_1,0,0,0,0,0,0,1
ZFP128_2,0,0,0,0,0,0,1
ZFP14,0,1,0,0,0,0,0
ZFP161,0,1,0,1,0,0,0
ZFP161_1,0,0,0,0,0,0,1
ZFP161_2,0,0,0,0,0,0,1
ZFP187_1,0,0,0,0,0,0,1
ZFP187_2,0,0,0,0,0,0,1
ZFP28,0,1,0,0,0,0,0
ZFP281_1,0,0,0,0,0,0,1
ZFP281_2,0,0,0,0,0,0,1
ZFP36,0,1,0,0,0,1,0
ZFP36L1,0,0,0,0,0,1,0
ZFP36L2,0,1,0,0,0,0,0
ZFP410_1,0,0,0,0,0,0,1
ZFP410_2,0,0,0,0,0,0,1
ZFP42,0,0,0,1,0,0,0
ZFP691_1,0,0,0,0,0,0,1
ZFP691_2,0,0,0,0,0,0,1
ZFP740_1,0,0,0,0,0,0,1
ZFP740_2,0,0,0,0,0,0,1
ZFP90,0,1,0,0,0,0,0
ZFPM1,0,1,0,0,0,0,0
ZFPM2,0,1,0,0,0,0,0
ZFX,0,1,1,1,0,0,1
ZFY,0,1,0,0,0,0,0
ZFYVE1,0,1,0,0,0,0,0
ZFYVE16,0,1,0,0,0,0,0
ZFYVE21,0,1,0,0,0,0,0
ZGPAT,0,1,0,0,0,0,0
ZHX2,0,1,0,0,0,1,0
ZHX3,0,0,0,0,0,1,0
ZIC1,0,0,1,1,0,1,1
ZIC1_1,0,0,0,0,0,0,1
ZIC1_2,0,0,0,0,0,0,1
ZIC2,0,0,1,1,0,1,0
ZIC2_1,0,0,0,0,0,0,1
ZIC2_2,0,0,0,0,0,0,1
ZIC3,0,0,1,1,0,0,1
ZIC3_1,0,0,0,0,0,0,1
ZIC3_2,0,0,0,0,0,0,1
ZIC4,0,0,1,0,0,0,1
ZKSCAN1,1,0,0,0,0,0,0
ZKSCAN3,0,0,1,0,0,0,0
ZKSCAN4,0,1,0,0,0,0,0
ZKSCAN5,0,1,0,0,0,0,0
ZMAT1,0,1,0,0,0,0,0
ZMAT3,0,1,0,0,0,0,0
ZMAT5,0,1,0,0,0,0,0
ZMS1,0,0,0,0,0,0,1
ZMYND11,0,1,0,0,0,1,0
ZMYND8,0,1,0,0,0,0,0
ZNF10,0,1,0,0,0,0,0
ZNF101,0,1,0,0,0,0,0
ZNF107,0,1,0,0,0,0,0
ZNF12,0,1,0,0,0,0,0
ZNF131,0,1,0,0,0,0,0
ZNF135,0,1,0,0,0,0,0
ZNF136,0,1,0,0,0,0,0
ZNF141,0,1,0,0,0,0,0
ZNF143,1,1,1,1,0,1,1
ZNF146,0,1,0,0,0,0,0
ZNF148,0,1,0,1,0,1,0
ZNF154,0,1,0,0,0,0,0
ZNF160,0,1,0,0,0,1,0
ZNF169,0,1,0,0,0,0,0
ZNF174,0,1,0,0,0,0,0
ZNF175,0,0,0,0,0,1,0
ZNF19,0,1,0,0,0,0,0
ZNF192,0,1,0,0,0,0,0
ZNF195,0,1,0,0,0,0,0
ZNF197,0,1,0,0,0,0,0
ZNF200,0,1,0,0,0,0,0
ZNF202,0,0,0,0,0,1,0
ZNF205,0,1,0,0,0,0,0
ZNF207,0,1,0,0,0,0,0
ZNF217,1,0,0,1,0,1,0
ZNF219,0,1,1,1,0,0,0
ZNF224,0,1,0,0,0,1,0
ZNF227,0,1,0,0,0,0,0
ZNF229,0,1,0,0,0,0,0
ZNF23,0,1,0,0,0,0,0
ZNF230,0,1,0,0,0,0,0
ZNF232,0,1,1,0,0,0,0
ZNF238,0,1,0,1,0,0,0
ZNF239,0,0,0,0,0,1,0
ZNF24,0,1,0,0,0,1,0
ZNF25,0,1,0,0,0,0,0
ZNF260,0,1,0,0,0,0,0
ZNF263,1,1,0,1,0,0,1
ZNF264,0,1,0,0,0,0,0
ZNF267,0,1,0,0,0,1,0
ZNF271,0,1,0,0,0,0,0
ZNF274,1,0,0,0,0,0,0
ZNF281,0,1,1,0,0,0,0
ZNF282,0,0,1,0,0,0,0
ZNF283,0,1,0,0,0,0,0
ZNF286A,0,1,0,0,0,0,0
ZNF292,0,1,0,0,0,0,0
ZNF30,0,1,0,0,0,0,0
ZNF300,0,0,0,0,0,1,0
ZNF302,0,1,0,0,0,0,0
ZNF313,0,1,0,0,0,0,0
ZNF317,0,1,0,0,0,0,0
ZNF318,0,1,0,0,0,0,0
ZNF32,0,1,0,0,0,0,0
ZNF322A,0,1,0,0,0,0,0
ZNF333,0,1,0,1,0,0,0
ZNF337,0,1,0,0,0,0,0
ZNF33A,0,1,0,0,0,0,0
ZNF346,0,1,0,0,0,0,0
ZNF35,0,0,1,0,0,0,0
ZNF350,0,0,1,1,0,1,0
ZNF354A,0,1,0,0,0,0,0
ZNF354C,0,0,0,1,0,0,1
ZNF358,0,1,0,0,0,0,0
ZNF362,0,1,0,0,0,0,0
ZNF364,0,1,0,0,0,0,0
ZNF367,0,1,0,0,0,0,0
ZNF382,0,1,0,0,0,1,0
ZNF383,0,0,0,0,0,1,0
ZNF384,0,1,1,1,0,0,0
ZNF395,0,1,0,0,0,0,0
ZNF397,0,1,0,0,0,0,0
ZNF398,0,1,0,0,0,0,0
ZNF407,0,1,0,0,0,0,0
ZNF41,0,1,0,0,0,0,0
ZNF410,0,0,1,0,0,1,1
ZNF415,0,1,0,0,0,0,0
ZNF417,0,1,0,0,0,0,0
ZNF419,0,1,0,0,0,0,0
ZNF423,0,1,1,0,0,0,1
ZNF430,0,1,0,0,0,0,0
ZNF44,0,1,0,0,0,0,0
ZNF441,0,1,0,0,0,0,0
ZNF444,0,1,0,0,0,1,0
ZNF445,0,1,0,0,0,0,0
ZNF446,0,1,0,0,0,0,0
ZNF45,0,1,0,0,0,0,0
ZNF451,0,1,0,0,0,0,0
ZNF460,0,1,0,0,0,0,0
ZNF462,0,1,0,0,0,0,0
ZNF473,0,1,0,0,0,0,0
ZNF480,0,1,0,0,0,0,0
ZNF485,0,1,0,0,0,0,0
ZNF486,0,1,0,0,0,0,0
ZNF491,0,1,0,0,0,0,0
ZNF493,0,1,0,0,0,0,0
ZNF497,0,1,0,0,0,0,0
ZNF498,0,1,0,0,0,0,0
ZNF503,0,1,0,0,0,0,0
ZNF507,0,1,0,0,0,0,0
ZNF511,0,1,0,0,0,0,0
ZNF519,0,1,0,0,0,0,0
ZNF521,0,1,0,0,0,0,0
ZNF524,0,0,1,0,0,0,0
ZNF529,0,1,0,0,0,0,0
ZNF532,0,1,0,0,0,0,0
ZNF542,0,1,0,0,0,0,0
ZNF544,0,1,0,0,0,0,0
ZNF548,0,1,0,0,0,0,0
ZNF550,0,1,0,0,0,0,0
ZNF551,0,1,0,0,0,0,0
ZNF552,0,1,0,0,0,0,0
ZNF554,0,1,0,0,0,0,0
ZNF562,0,1,0,0,0,0,0
ZNF564,0,1,0,0,0,0,0
ZNF566,0,1,0,0,0,0,0
ZNF567,0,1,0,0,0,0,0
ZNF576,0,1,0,0,0,0,0
ZNF580,0,1,0,0,0,0,0
ZNF581,0,1,0,0,0,0,0
ZNF582,0,1,0,0,0,0,0
ZNF589,0,1,1,1,0,0,0
ZNF592,0,1,0,0,0,0,0
ZNF593,0,1,0,0,0,0,0
ZNF596,0,1,0,0,0,0,0
ZNF598,0,1,0,0,0,0,0
ZNF606,0,1,0,0,0,0,0
ZNF609,0,1,0,0,0,0,0
ZNF611,0,1,0,0,0,0,0
ZNF615,0,1,0,0,0,0,0
ZNF628,0,1,1,1,0,0,0
ZNF638,0,1,0,0,0,0,0
ZNF639,0,1,0,0,0,0,0
ZNF641,0,1,0,0,0,0,0
ZNF642,0,1,0,0,0,0,0
ZNF643,0,1,0,0,0,0,0
ZNF644,0,1,0,0,0,0,0
ZNF645,0,1,0,0,0,0,0
ZNF652,0,1,1,0,0,0,0
ZNF653,0,1,0,0,0,0,0
ZNF655,0,1,0,0,0,0,0
ZNF660,0,1,0,0,0,0,0
ZNF664,0,1,0,0,0,0,0
ZNF667,0,1,0,0,0,0,0
ZNF670,0,1,0,0,0,0,0
ZNF672,0,1,0,0,0,0,0
ZNF675,0,1,0,0,0,0,0
ZNF677,0,1,0,0,0,0,0
ZNF683,0,1,0,0,0,0,0
ZNF687,0,1,0,0,0,0,0
ZNF69,0,1,0,0,0,0,0
ZNF691,0,0,1,0,0,0,0
ZNF696,0,1,0,0,0,0,0
ZNF708,0,1,0,0,0,0,0
ZNF71,0,1,0,0,0,0,0
ZNF710,0,1,0,0,0,0,0
ZNF711,0,1,0,0,0,0,0
ZNF713,0,0,1,0,0,0,0
ZNF74,0,1,0,0,0,0,0
ZNF740,0,0,1,0,0,0,1
ZNF75,0,1,0,0,0,0,0
ZNF750,0,1,0,0,0,0,0
ZNF75A,0,1,1,0,0,0,0
ZNF76,0,1,0,0,0,1,0
ZNF771,0,1,0,0,0,0,0
ZNF776,0,1,0,0,0,0,0
ZNF777,0,1,0,0,0,0,0
ZNF778,0,1,0,0,0,0,0
ZNF780A,0,1,0,0,0,0,0
ZNF780B,0,1,0,0,0,0,0
ZNF784,0,0,1,0,0,0,0
ZNF787,0,1,0,0,0,0,0
ZNF789,0,1,0,0,0,0,0
ZNF8,0,0,1,0,0,0,0
ZNF80,0,1,0,0,0,0,0
ZNF804B,0,1,0,0,0,0,0
ZNF808,0,1,0,0,0,0,0
ZNF816A,0,1,0,0,0,0,0
ZNF83,0,1,0,0,0,0,0
ZNF84,0,1,0,0,0,0,0
ZNFX1,0,1,0,0,0,0,0
ZNRD1,0,1,0,0,0,1,0
ZRF1,0,1,0,0,0,0,0
ZSCAN16,0,0,1,0,0,0,0
ZSCAN2,0,1,0,0,0,0,0
ZSCAN21,0,0,0,0,0,1,0
ZSCAN26,0,0,1,0,0,0,0
ZSCAN4,0,0,1,0,0,0,0
ZSCAN4_1,0,0,0,0,0,0,1
ZSCAN4_2,0,0,0,0,0,0,1
ZSCAN5,0,1,0,0,0,0,0
ZXDC,0,1,0,0,0,0,0
ZYX,0,1,0,0,0,0,0
